timestamp,open,high,low,close,volume,firstDiffAbs,firstDiff_%
2018-05-17,189.01,189.53,185.1,187.95,71785216,-0.6400000000000148,-0.3405160947060467
2018-05-11,185.18,190.37,183.665,188.59,148266951,4.759999999999991,2.523993849090615
2018-05-04,162.1302,184.25,161.84,183.83,252805668,21.51000000000002,11.701028123810051
2018-04-27,166.8348,166.92,160.63,162.32,162208431,-3.4000000000000057,-2.0946278955150355
2018-04-20,175.0301,178.9365,165.43,165.72,169238340,-9.009999999999991,-5.436881486845276
2018-04-13,169.88,175.84,169.845,174.73,128077139,6.349999999999994,3.6341784467464056
2018-04-06,167.88,174.2304,164.47,168.38,164408813,0.5999999999999943,0.35633685710891694
2018-03-29,168.07,175.15,165.19,167.78,155302506,2.8400000000000034,1.6926928120157367
2018-03-23,177.32,177.47,164.94,164.94,168666122,-13.080000000000013,-7.93015642051656
2018-03-16,180.29,183.5,177.62,178.02,151720299,-1.9599999999999795,-1.1009998876530611
2018-03-09,175.21,180.0,174.27,179.98,138442235,3.769999999999982,2.0946771863540294
2018-03-02,176.35,180.615,172.45,176.21,196432091,0.710000000000008,0.4029283241586788
2018-02-23,172.05,175.65,171.01,175.5,133197874,3.069999999999993,1.7492877492877454
2018-02-16,158.5,174.82,157.51,172.43,222582467,16.02000000000001,9.290726671692866
2018-02-09,159.1,163.88,150.24,156.41,299885932,-4.090000000000003,-2.6149223195447884
2018-02-02,170.16,170.16,160.1,160.5,248091289,-11.009999999999991,-6.859813084112145
2018-01-26,177.3,179.44,170.06,171.51,185072080,-6.950000000000017,-4.052241851787078
2018-01-19,177.9,180.1,175.07,178.46,122974060,1.3700000000000045,0.7676790317157932
2018-01-12,174.35,177.36,173.0,177.09,107548622,2.0900000000000034,1.1801908634027916
2018-01-05,170.16,175.37,169.26,175.0,99095223,5.77000000000001,3.297142857142863
2017-12-29,170.8,171.85,169.22,169.23,96281679,-5.780000000000001,-3.415470070318502
2017-12-22,174.88,177.2,173.25,175.01,115320238,1.039999999999992,0.5942517570424503
2017-12-15,169.2,174.17,168.79,173.97,132453689,4.599999999999994,2.6441340460998988
2017-12-08,172.48,172.62,166.46,169.37,134914322,-1.6800000000000068,-0.9919112003306412
2017-12-01,175.05,175.08,167.16,171.05,166555527,-3.9199999999999875,-2.2917275650394546
2017-11-24,170.29,175.5,169.56,174.97,79873651,4.819999999999993,2.754757958507169
2017-11-17,173.5,174.5,168.38,170.15,114281964,-4.519999999999982,-2.6564795768439504
2017-11-10,172.365,176.24,171.72,174.67,136260721,2.1699999999999875,1.2423427033835162
2017-11-03,163.89,174.26,163.72,172.5,203892677,9.449999999999989,5.478260869565211
2017-10-27,156.89,163.6,155.27,163.05,119574587,6.800000000000011,4.170499846672807
2017-10-20,157.9,160.87,155.02,156.25,124593299,-0.7400000000000091,-0.4736000000000058
2017-10-13,155.81,158.0,155.1,156.99,80597481,1.6899999999999977,1.076501688005604
2017-10-06,154.26,155.49,152.46,155.3,91971974,1.1800000000000068,0.7598197037991029
2017-09-29,149.99,154.7189,149.16,154.12,152105993,2.230000000000018,1.4469244744355165
2017-09-22,160.11,160.5,150.56,151.89,182738115,-7.990000000000009,-5.260385805517157
2017-09-15,160.5,163.96,157.91,159.88,217839085,1.25,0.7818363772829623
2017-09-08,163.75,164.25,158.53,158.63,100402255,-5.420000000000016,-3.416755973018985
2017-09-01,160.14,164.94,159.93,164.05,124482489,4.189999999999998,2.5540993599512327
2017-08-25,157.5,160.74,155.1101,159.86,110686493,2.3600000000000136,1.4762917552858836
2017-08-18,159.32,162.51,156.72,157.5,130951564,0.020000000000010232,0.012698412698419195
2017-08-11,157.06,161.83,154.63,157.48,148310594,1.0900000000000034,0.6921513843027708
2017-08-04,149.9,159.75,148.13,156.39,159721244,6.889999999999986,4.405652535328337
2017-07-28,150.58,153.99,147.3,149.5,103916337,-0.7700000000000102,-0.5150501672240871
2017-07-21,148.82,151.74,148.57,150.27,103297255,1.2300000000000182,0.8185266520263647
2017-07-14,144.11,149.33,143.37,149.04,107844162,4.859999999999985,3.2608695652173814
2017-07-07,144.88,145.3,142.41,144.18,76896820,0.1599999999999966,0.11097239561658799
2017-06-30,147.17,148.28,142.28,144.02,125310202,-2.259999999999991,-1.569226496319949
2017-06-23,143.66,147.16,143.66,146.28,121757322,4.009999999999991,2.7413180202351595
2017-06-16,145.74,147.5,142.2,142.27,217066551,-6.7099999999999795,-4.716384339635889
2017-06-09,154.34,155.98,146.02,148.98,93152454,-6.469999999999999,-4.342864814069002
2017-06-02,153.42,155.45,152.22,155.45,86663811,1.839999999999975,1.1836603409456257
2017-05-26,154.0,154.9,152.67,153.61,101565411,0.5500000000000114,0.3580496061454406
2017-05-19,156.01,156.65,149.71,153.06,154981942,-3.039999999999992,-1.9861492225271085
2017-05-12,149.03,156.42,149.03,156.1,167770544,7.139999999999986,4.573991031390126
2017-05-05,145.1,148.98,144.27,148.96,167777285,5.310000000000002,3.5647153598281434
2017-04-28,143.5,144.9,143.18,143.65,89143525,1.3799999999999955,0.9606682909850299
2017-04-21,141.48,142.92,140.45,142.27,89248503,1.2199999999999989,0.8575244253883452
2017-04-13,143.6,143.8792,140.06,141.05,87485653,-2.289999999999992,-1.6235377525700048
2017-04-07,143.71,145.46,143.05,143.34,105402499,-0.3199999999999932,-0.22324543044509082
2017-03-31,139.39,144.5,138.62,143.66,127008757,3.0200000000000102,2.1021857162745445
2017-03-24,140.4,142.8,139.73,140.64,129673979,0.6499999999999773,0.46217292377700325
2017-03-17,138.85,141.02,138.82,139.99,121539506,0.8500000000000227,0.607186227587701
2017-03-10,139.365,139.98,137.05,139.14,99672282,-0.6400000000000148,-0.4599683771740799
2017-03-03,137.14,140.2786,136.28,139.78,127936976,3.1200000000000045,2.2320789812562634
2017-02-24,136.23,137.48,135.28,136.66,87908859,0.9399999999999977,0.6878384311429809
2017-02-17,133.08,136.27,132.75,135.72,136667496,3.5999999999999943,2.6525198938992003
2017-02-10,129.13,132.94,128.9,132.12,136449154,3.039999999999992,2.300938540720551
2017-02-03,120.93,130.49,120.62,129.08,249781248,7.13000000000001,5.5237062286953895
2017-01-27,120.0,122.44,119.5,121.95,124748449,1.9500000000000028,1.599015990159904
2017-01-20,118.34,120.5,118.22,120.0,116347987,0.9599999999999937,0.7999999999999948
2017-01-13,117.95,119.93,117.94,119.04,138810760,1.1300000000000097,0.94926075268818
2017-01-06,115.8,118.16,114.76,117.91,103845468,2.0900000000000034,1.7725383767280156
2016-12-30,116.52,118.0166,115.43,115.82,84828531,-0.7000000000000028,-0.6043861163875003
2016-12-23,115.8,117.5,115.59,116.52,113322891,0.5499999999999972,0.4720219704771688
2016-12-16,113.29,116.73,112.49,115.97,195015700,2.019999999999996,1.7418297835647116
2016-12-09,110.0,114.7,108.25,113.95,151989664,4.049999999999997,3.554190434401051
2016-12-02,111.43,112.465,108.85,109.9,155499850,-1.8900000000000006,-1.7197452229299366
2016-11-25,110.12,112.42,110.01,111.79,94132421,1.730000000000004,1.547544503086147
2016-11-18,107.71,110.54,104.08,110.06,198341456,1.6299999999999955,1.4810103579865488
2016-11-11,110.08,111.72,105.83,108.43,207268979,-0.4099999999999966,-0.3781241353868824
2016-11-04,113.65,114.23,108.11,108.84,156346518,-4.8799999999999955,-4.483645718485847
2016-10-28,117.1,118.36,113.31,113.72,210225569,-2.8799999999999955,-2.532536053464646
2016-10-21,117.33,118.21,113.8,116.6,115531434,-1.0300000000000011,-0.8833619210977712
2016-10-14,115.02,118.69,114.72,117.63,208708383,3.569999999999993,3.034940066309609
2016-10-07,112.71,114.56,112.28,114.06,126029440,1.0100000000000051,0.8854988602489962
2016-09-30,111.64,114.64,111.55,113.05,156384035,0.3400000000000034,0.30075187969925116
2016-09-23,115.19,116.18,111.55,112.71,201095635,-2.210000000000008,-1.9607843137254974
2016-09-16,102.65,116.13,102.53,114.92,390309366,11.790000000000006,10.25931082492169
2016-09-09,107.9,108.76,103.13,103.13,168803729,-4.6000000000000085,-4.460389799282467
2016-09-02,106.62,108.0,105.5,107.73,133000624,0.7900000000000063,0.7333147684024934
2016-08-26,108.86,109.32,106.31,106.94,123605519,-2.4200000000000017,-2.262951187581823
2016-08-19,108.14,110.23,108.08,109.36,132371408,1.1799999999999926,1.0790051207022608
2016-08-12,107.52,108.94,107.16,108.18,124505869,0.7000000000000028,0.6470696986504001
2016-08-05,104.41,107.65,104.0,107.48,170149120,3.2700000000000102,3.0424264979531173
2016-07-29,98.25,104.55,96.42,104.21,256571090,5.549999999999997,5.325784473658955
2016-07-22,98.7,101.0,98.31,98.66,147565456,-0.12000000000000455,-0.12162983985404882
2016-07-15,96.75,99.3,96.73,98.78,142910566,2.0999999999999943,2.125936424377399
2016-07-08,95.39,96.89,94.37,96.68,112705961,0.7900000000000063,0.8171286719073295
2016-07-01,93.0,96.465,91.5,95.89,185461004,2.489999999999995,2.596725414537486
2016-06-24,96.0,96.89,92.65,93.4,206728924,-1.9299999999999926,-2.0663811563169086
2016-06-17,98.69,99.12,95.3,95.33,191732699,-3.5,-3.6714570439525853
2016-06-10,97.99,101.89,97.55,98.83,124864375,0.9099999999999966,0.9207730446220749
2016-06-03,99.6,100.4,96.63,97.92,140176985,-2.4299999999999926,-2.4816176470588163
2016-05-27,95.87,100.73,95.67,100.35,204473324,5.1299999999999955,5.112107623318382
2016-05-20,92.39,95.43,91.65,95.22,212707154,4.700000000000003,4.935937828187359
2016-05-13,93.0,93.77,89.47,90.52,216049836,-2.200000000000003,-2.4304021210782176
2016-05-06,93.965,95.9,91.85,92.72,225607242,-1.019999999999996,-1.1000862812769585
2016-04-29,105.0,105.65,92.51,93.74,349424063,-11.940000000000012,-12.737358651589517
2016-04-22,108.89,108.95,104.62,105.68,189053016,-4.1699999999999875,-3.945874337623001
2016-04-15,108.97,112.39,108.66,109.85,162310051,1.1899999999999977,1.083295402822028
2016-04-08,110.42,112.19,108.12100000000001,108.66,145722543,-1.3299999999999983,-1.2240014724829729
2016-04-01,106.0,110.42,104.88,109.99,147965003,4.319999999999993,3.92762978452586
2016-03-24,105.93,107.65,104.89,105.67,119783503,-0.25,-0.23658559666887477
2016-03-18,101.91,106.5,101.78,105.92,182073165,3.6599999999999966,3.4554380664652538
2016-03-11,102.39,102.83,100.15,102.26,155221501,-0.75,-0.7334246039507138
2016-03-04,96.86,103.75,96.65,103.01,201803826,6.1000000000000085,5.921755169401037
2016-02-26,96.31,98.0237,93.32,96.91,159052926,0.8699999999999903,0.8977401712929424
2016-02-19,95.02,98.89,94.61,96.04,168316315,2.0500000000000114,2.1345272802998867
2016-02-12,93.13,96.35,92.59,93.99,231122263,-0.030000000000001137,-0.03191828917970118
2016-02-05,96.47,97.33,93.69,94.02,217154766,-3.3200000000000074,-3.531163582216558
2016-01-29,101.52,101.53,92.39,97.34,380336530,-4.079999999999998,-4.191493733305935
2016-01-22,98.41,101.46,93.42,101.42,243384093,4.290000000000006,4.229934924078097
2016-01-15,98.97,101.19,95.36,97.13,304337253,0.1700000000000017,0.1750231648306411
2016-01-08,102.61,105.85,96.43,96.96,343790211,-8.300000000000011,-8.560231023102324
2015-12-31,107.59,109.43,104.82,105.26,123761546,-2.769999999999996,-2.6315789473684172
2015-12-24,107.28,109.0,105.57,108.03,126634011,2.0,1.8513375914097936
2015-12-18,112.18,112.8,105.81,106.03,315791335,-7.150000000000006,-6.743374516646237
2015-12-11,118.98,119.86,112.851,113.18,188853944,-5.849999999999994,-5.168757731047883
2015-12-04,117.99,119.41,114.22,119.03,206765745,1.2199999999999989,1.0249516928505409
2015-11-27,119.27,119.73,117.12,117.81,109720453,-1.4899999999999949,-1.2647483235718486
2015-11-20,111.38,119.92,111.0,119.3,189947415,6.959999999999994,5.834031852472752
2015-11-13,120.96,121.81,112.27,112.34,216555289,-8.719999999999999,-7.762150614206871
2015-11-06,119.87,123.82,119.61,121.06,195203256,1.5600000000000023,1.2886172146043302
2015-10-30,118.08,121.22,113.99,119.5,322362121,0.4200000000000017,0.35146443514644493
2015-10-23,110.8,119.228,110.11,119.08,222074893,8.039999999999992,6.7517635203224655
2015-10-16,112.73,112.75,109.56,111.04,184884970,-1.0799999999999983,-0.9726224783861654
2015-10-09,109.88,112.28,108.21,112.12,262432987,1.740000000000009,1.5519086692829194
2015-10-02,113.85,114.57,107.31,110.38,311138027,-4.329999999999998,-3.922812103641963
2015-09-25,113.67,116.69,112.37,114.71,242696241,1.259999999999991,1.098422107924323
2015-09-18,116.58,116.89,111.87,113.45,277276007,-0.7599999999999909,-0.6698986337593573
2015-09-11,111.65,114.21,109.77,114.21,252662734,4.939999999999998,4.325365554679974
2015-09-04,112.13,114.53,107.36,109.27,298194194,-4.02000000000001,-3.6789603733870324
2015-08-28,94.87,113.31,92.0,113.29,500362965,7.530000000000001,6.64665901668285
2015-08-21,116.04,117.65,105.645,105.76,320509056,-10.199999999999989,-9.64447806354008
2015-08-14,116.53,119.99,109.63,115.96,345185326,0.4399999999999977,0.37944118661607257
2015-08-07,121.5,122.57,112.1,115.52,384072497,-5.780000000000001,-5.003462603878118
2015-07-31,123.09,123.91,120.91,121.3,191598511,-3.200000000000003,-2.6380873866446852
2015-07-24,130.97,132.97,121.99,124.5,344269021,-5.1200000000000045,-4.11244979919679
2015-07-17,125.03,129.62,124.32,129.62,189245034,6.340000000000003,4.891220490665024
2015-07-10,124.94,126.23,119.22,123.28,275718368,-3.1599999999999966,-2.563270603504215
2015-07-02,125.46,126.94,124.48,126.44,150981872,-0.3100000000000023,-0.245175577348942
2015-06-26,127.49,129.8,126.51,126.75,195594004,0.15000000000000568,0.11834319526627668
2015-06-19,126.1,128.31,125.71,126.6,198525255,-0.5700000000000074,-0.4502369668246504
2015-06-12,128.9,130.18,125.62,127.17,220114589,-1.480000000000004,-1.163796492883545
2015-06-05,131.2,131.39,128.36,128.65,170840884,-1.6299999999999955,-1.2670034978624138
2015-05-29,132.6,132.91,129.12,130.28,198148567,-2.259999999999991,-1.7347252072459247
2015-05-22,128.38,132.97,128.36,132.54,217297426,3.769999999999982,2.844424324732143
2015-05-15,127.39,129.49,124.82,128.77,208301514,1.1500000000000057,0.8930651549273941
2015-05-08,129.5,130.57,123.36,127.62,271891981,-1.329999999999984,-1.0421564018178844
2015-05-01,132.31,134.54,124.58,128.95,420972321,-1.3300000000000125,-1.0314075222954733
2015-04-24,125.57,130.63,125.17,130.28,207440679,5.530000000000001,4.244703715075223
2015-04-17,128.37,128.57,124.46,124.75,171186168,-2.3499999999999943,-1.883767535070136
2015-04-10,124.47,128.1218,124.33,127.1,182207413,1.7800000000000011,1.4004720692368224
2015-04-02,124.05,126.49,123.1,125.32,162031791,2.069999999999993,1.651771465049468
2015-03-27,127.12,128.04,122.6,123.25,209326175,-2.6500000000000057,-2.150101419878301
2015-03-20,123.88,129.2451,122.87,125.9,266672975,2.3100000000000023,1.8347895154884848
2015-03-13,127.96,129.57,121.63,123.59,326514045,-3.009999999999991,-2.4354721255764953
2015-03-06,129.25,130.28,125.76,126.6,246938492,-1.8600000000000136,-1.4691943127962193
2015-02-27,130.02,133.6,126.61,128.46,368216362,-1.0349999999999966,-0.8056982718355881
2015-02-20,127.49,129.5,126.92,129.495,194354942,2.4150000000000063,1.8649368701494313
2015-02-13,118.55,127.48,118.43,127.08,303206785,8.149999999999991,6.41328297135662
2015-02-06,118.05,120.51,116.08,118.93,270757404,1.7700000000000102,1.4882704111662406
2015-01-30,113.74,120.0,109.03,117.16,465842684,4.179999999999993,3.5677705701604583
2015-01-23,107.84,113.75,106.5,112.98,198737041,6.990000000000009,6.186935740839095
2015-01-16,112.6,112.8,105.2,105.99,304226647,-6.02000000000001,-5.6797811114256165
2015-01-09,108.29,113.25,104.63,112.01,282868187,2.680000000000007,2.3926435139719726
2015-01-02,113.79,114.77,107.35,109.33,152088374,-4.659999999999997,-4.2623250708863045
2014-12-26,112.16,114.52,111.97,113.99,119396530,2.2099999999999937,1.938766558470036
2014-12-19,110.7,113.24,106.26,111.78,328856576,2.049999999999997,1.83395956342816
2014-12-12,114.1,114.85,109.35,109.73,259937920,-5.269999999999996,-4.8026975303016455
2014-12-05,118.81,119.25,111.27,115.0,266701088,-3.930000000000007,-3.4173913043478317
2014-11-28,116.85,119.75,116.62,118.93,100105403,2.460000000000008,2.0684436222988376
2014-11-21,114.27,117.57,113.3,116.47,233414685,2.289999999999992,1.9661715463209342
2014-11-14,109.02,114.19,108.4,114.18,205166680,5.170000000000002,4.5279383429672455
2014-11-07,108.22,110.3,107.72,109.01,199952812,1.0100000000000051,0.9265205027061784
2014-10-31,104.85,108.04,104.7,108.0,220230607,2.780000000000001,2.5740740740740753
2014-10-24,98.315,105.49,98.22,105.22,358532919,7.549999999999997,7.175441931191787
2014-10-17,101.33,101.78,95.18,97.67,358539741,-3.0600000000000023,-3.132998873758577
2014-10-10,99.95,102.38,98.31,100.73,280258156,1.1099999999999994,1.10195572322049
2014-10-03,98.65,101.54,98.04,99.62,247749150,-1.1299999999999955,-1.1343103794418745
2014-09-26,101.8,102.94,97.72,100.75,337730724,-0.20999999999999375,-0.20843672456575063
2014-09-19,102.81,103.05,98.89,100.96,296789500,-0.7000000000000028,-0.6933438985736954
2014-09-12,99.3,103.08,96.14,101.66,461559500,2.6899999999999977,2.6460751524690123
2014-09-05,103.06,103.74,97.79,98.97,322672500,-3.530000000000001,-3.5667373951702546
2014-08-29,101.79,102.9,100.7,102.5,233048700,1.1800000000000068,1.1512195121951285
2014-08-22,98.49,101.47,97.98,101.32,246983800,3.339999999999989,3.296486379786804
2014-08-15,95.27,98.19,94.8355,97.98,179363000,3.240000000000009,3.3067973055725752
2014-08-08,96.37,96.58,93.28,94.74,223025000,-1.3900000000000006,-1.467173316445008
2014-08-01,97.82,99.44,94.81,96.13,236825000,-1.541000000000011,-1.6030375533132333
2014-07-25,94.99,97.88,93.72,97.671,276392000,3.2409999999999997,3.3182828065648957
2014-07-18,95.86,97.1,92.57,94.43,249075900,-0.789999999999992,-0.8365985386000128
2014-07-11,94.14,96.8,93.52,95.22,231830000,1.1899999999999977,1.2497374501155196
2014-07-03,92.1,94.1,92.09,94.03,139168800,2.049999999999997,2.180155269594807
2014-06-27,91.32,92.0,89.65,91.98,216257000,1.0700000000000074,1.1632963687758286
2014-06-20,91.51,92.75,90.9,90.91,235227000,-0.37000000000000455,-0.4069959300407046
2014-06-13,92.7,95.05,90.88,91.28,293146997,-554.2900000000001,-607.2414548641543
2014-06-06,633.96,651.26,622.5,645.57,58974500,12.57000000000005,1.9471165016961829
2014-05-30,615.88,644.17,615.63,633.0,57315800,18.870000000000005,2.9810426540284367
2014-05-23,597.85,614.7293,597.33,614.13,42229300,16.620000000000005,2.7062674026671885
2014-05-16,587.49,597.53,585.4,597.51,37373300,11.967499999999973,2.0028953490318107
2014-05-09,590.14,604.4099,580.33,585.5425,52371100,-7.037500000000023,-1.2018768919420917
2014-05-02,572.8,599.43,572.55,592.58,67823800,20.639999999999986,3.483074015322823
2014-04-25,525.34,571.99,523.96,571.94,68937100,47.0,8.217645207539253
2014-04-17,521.9,527.76,511.33,524.94,34688000,5.330000000000041,1.0153541357107556
2014-04-11,528.02,532.24,517.14,519.61,44688500,-12.210000000000036,-2.3498393025538453
2014-04-04,539.23,543.48,530.58,531.82,35265900,-5.039999999999964,-0.947689067729676
2014-03-28,538.42,549.0,534.25,536.86,48584200,3.990000000000009,0.7432105204336342
2014-03-21,527.7,536.24,525.2001,532.87,43442600,8.17999999999995,1.5350836038808622
2014-03-14,528.36,539.66,523.0,524.69,41145600,-5.75,-1.0958851893499018
2014-03-07,523.42,534.75,522.81,530.44,39435800,4.2000000000000455,0.791795490536167
2014-02-28,523.15,532.75,515.6,526.24,52533200,0.9900000000000091,0.18812709030100505
2014-02-21,546.0,551.19,524.6,525.25,41380800,-18.74000000000001,-3.5678248453117583
2014-02-14,518.66,545.9799,518.0,543.99,54151400,24.31000000000006,4.468832147649784
2014-02-07,502.61,522.9299,499.3,519.68,61947700,19.079999999999927,3.671490147783238
2014-01-31,550.07,554.8,493.55,500.6,116661100,-45.47000000000003,-9.083100279664407
2014-01-24,540.99,557.29,540.42,546.07,55039500,5.400000000000091,0.9888842089842127
2014-01-17,529.91,560.2,529.88,540.67,62811100,7.7299999999999045,1.429707585033367
2014-01-10,537.45,546.86,531.11,532.94,56159800,-8.039999999999964,-1.508612601793816
2014-01-03,557.46,561.28,540.43,540.98,39423800,-19.110000000000014,-3.532478095308517
2013-12-27,568.0,571.88,559.5,560.09,39241200,11.07000000000005,1.9764680676319966
2013-12-20,555.02,562.6389,538.8,549.02,65538600,-5.409999999999968,-0.9853921532913134
2013-12-13,560.9001,570.97,553.67,554.43,55485500,-5.590000000000032,-1.0082426997096174
2013-12-06,558.0,575.1358,550.82,560.02,74759100,3.949999999999932,0.7053319524302581
2013-11-29,521.02,558.33,521.0,556.07,46866800,36.270000000000095,6.5225601093387695
2013-11-22,524.99,527.19,513.67,519.8,40484000,-5.191000000000031,-0.998653328203161
2013-11-15,519.99,529.28,514.41,524.991,43903200,4.43100000000004,0.8440144688194731
2013-11-08,521.1,528.885,512.38,520.56,45541200,0.5299999999999727,0.10181343168894513
2013-11-01,529.04,539.25,514.54,520.03,74678500,-5.928000000000111,-1.139934234563412
2013-10-25,511.77,533.23,508.03,525.9580000000001,70301800,17.068000000000097,3.2451260366797525
2013-10-18,489.83,509.26,489.35,508.89,49186000,16.07800000000003,3.159425416101718
2013-10-11,486.56,493.84,478.28,492.81199999999995,51831300,9.781999999999982,1.9849354317670802
2013-10-04,477.25,492.35,474.411,483.03,53030200,0.2799999999999727,0.05796741403224908
2013-09-27,496.1,496.91,480.72,482.75,68166800,15.339999999999975,3.177628171931637
2013-09-20,461.0,478.55,447.22,467.41,89421200,2.5100000000000477,0.537001775742934
2013-09-13,505.0,507.92,464.7,464.9,95909500,-33.32000000000005,-7.167132716713283
2013-09-06,493.1,502.24,487.35,498.22,45459100,11.004000000000019,2.208662839709369
2013-08-30,500.75,510.2,486.0,487.216,56239900,-13.803999999999974,-2.833240287675276
2013-08-23,504.34,513.74,498.2,501.02,59715200,-1.3100000000000023,-0.2614666081194368
2013-08-16,456.86,504.25,456.63,502.33,101976700,47.879999999999995,9.531582824039972
2013-08-09,464.69,471.89,453.65,454.45,52686200,-8.090000000000032,-1.7801738365056732
2013-08-02,440.8,462.85,440.2,462.54,48624000,21.55000000000001,4.659056514031222
2013-07-26,429.46,444.59,418.71,440.99,57099100,16.04000000000002,3.6372706864101274
2013-07-19,425.01,434.87,424.17,424.95,40894500,-1.5600000000000023,-0.36710201200141246
2013-07-12,420.11,429.79,410.38,426.51,54928000,9.089999999999975,2.131251318843632
2013-07-05,402.69,423.29,401.22,417.42,49138300,20.890000000000043,5.004551770399129
2013-06-28,407.4,408.66,388.87,396.53,74228400,-16.970000000000027,-4.279625753410846
2013-06-21,431.44,435.7,408.1001,413.5,57278900,-16.55000000000001,-4.002418379685613
2013-06-14,444.73,449.079,428.5,430.05,55685400,-11.760999999999967,-2.7347982792698446
2013-06-07,450.73,454.43,432.77,441.811,63469300,-7.924000000000035,-1.7935270964281185
2013-05-31,449.9,457.1,439.4,449.735,51948000,4.585000000000036,1.0194892547833805
2013-05-24,431.91,448.3499,430.1,445.15,70708100,11.889999999999986,2.6710097719869674
2013-05-17,451.51,457.9,418.9,433.26,90599600,-19.710000000000036,-4.549231408392198
2013-05-10,455.71,465.75,450.48,452.97,78083300,2.990000000000009,0.6600878645384923
2013-05-03,420.45,453.23,420.0,449.98,93639400,32.775000000000034,7.283657051424515
2013-04-26,392.64,418.769,391.275,417.205,114740900,26.67500000000001,6.393739288838823
2013-04-19,427.0,427.89,385.1,390.53,101568600,-39.27000000000004,-10.055565513532901
2013-04-12,424.85,437.99,422.49,429.8,55369600,6.600000000000023,1.5355979525360686
2013-04-05,441.9,443.69800000000004,419.68,423.2,72307500,-19.460000000000036,-4.598298676748591
2013-03-28,464.69,469.95,441.62,442.66,56053800,-19.25,-4.348710070934803
2013-03-22,441.45,462.1,441.2,461.91,79285500,18.25,3.9509861228377816
2013-03-15,429.7499,444.23,425.14,443.66,81911900,11.939999999999998,2.6912500563494564
2013-03-08,427.8,435.43,419.0,431.72,90764100,1.25,0.28953951635319186
2013-03-01,453.85,455.12,429.98,430.47,83442600,-20.339999999999975,-4.725067948985986
2013-02-22,461.1,462.73,442.82,450.81,60354400,-9.350000000000023,-2.0740444976819554
2013-02-15,476.5,484.94,459.92,460.16,83884700,-14.819999999999993,-3.2206189151599425
2013-02-08,453.91,478.81,442.0,474.98,106496800,21.360000000000014,4.497031453955959
2013-02-01,437.825,462.6,435.86,453.62,94023200,13.740000000000009,3.028966976764695
2013-01-25,504.56,514.99,435.0,439.88,142569100,-60.120000000000005,-13.66736382649814
2013-01-18,502.68,510.75,483.38,500.0,115299500,-20.299999999999955,-4.059999999999991
2013-01-11,522.0,531.89,515.2,520.3,82218600,-6.7000000000000455,-1.2877186238708527
2013-01-04,510.53,555.0,509.0,527.0,77403900,17.410799999999995,3.3037571157495247
2012-12-28,520.35,524.25,504.66,509.5892,45985300,-9.740800000000036,-1.911500479209535
2012-12-21,508.93,534.9,501.23,519.33,103950700,9.536000000000001,1.8362120424392967
2012-12-14,525.0,549.56,505.58,509.79400000000004,119457600,-23.45599999999996,-4.601074159366324
2012-12-07,593.65,594.59,518.63,533.25,140365700,-52.02999999999997,-9.757149554617904
2012-11-30,575.9,594.25,572.26,585.28,92528300,13.779999999999973,2.3544286495352607
2012-11-23,540.7097,572.0,539.88,571.5,75425000,43.822,7.6678915135608054
2012-11-16,554.15,554.5,505.7501,527.678,127954500,-19.381999999999948,-3.673073351551505
2012-11-09,583.515,590.74,533.72,547.06,131562900,-29.74000000000001,-5.436332394984099
2012-11-02,594.88,603.0,574.75,576.8,52524100,-27.200000000000045,-4.715672676837734
2012-10-26,612.42,635.38,591.0,604.0,124541500,-5.840000000000032,-0.9668874172185484
2012-10-19,632.35,652.79,609.62,609.84,92572200,-19.874000000000024,-3.258887577069399
2012-10-12,646.88,647.56,623.55,629.714,106894400,-22.875999999999976,-3.6327602689474867
2012-10-05,671.5,676.75,650.65,652.59,91450000,-14.514999999999986,-2.2242142846197437
2012-09-28,686.86,695.12,660.35,667.105,102295000,-32.99000000000001,-4.945248499111835
2012-09-21,699.35,705.07,693.62,700.095,71663100,8.815000000000055,1.2591148344153371
2012-09-14,680.45,696.98,656.0,691.28,103680300,10.839999999999918,1.5681055433398796
2012-09-07,665.76,682.48,664.5,680.44,50897500,15.200000000000045,2.2338486861442663
2012-08-31,679.99,680.87,657.25,665.24,54937600,2.018000000000029,0.30334916721785055
2012-08-24,650.01,674.88,648.11,663.222,101746300,15.111999999999966,2.278573388699405
2012-08-17,623.39,648.19,623.25,648.11,56201400,26.409999999999968,4.0749255527611
2012-08-10,617.29,625.0,615.26,621.7,44779900,6.0,0.9650957053241113
2012-08-03,590.92,617.98,587.82,615.7,67966100,30.540000000000077,4.960207893454617
2012-07-27,594.4,609.68,570.0,585.16,97892500,-19.139999999999986,-3.27090026659375
2012-07-20,605.12,615.35,603.15,604.3,60068500,-0.6700000000000728,-0.11087208340229569
2012-07-13,605.3,619.87,592.68,604.97,75005500,-0.9099999999999682,-0.15042068201728484
2012-07-06,584.73,614.34,583.6,605.88,55182800,21.879999999999995,3.611276160295768
2012-06-29,577.3,584.0,565.61,584.0,53151900,1.8999999999999773,0.32534246575342074
2012-06-22,570.96,590.0,570.37,582.1,63270800,7.970000000000027,1.369180553169563
2012-06-15,587.72,588.5,566.7,574.13,71466200,-6.190000000000055,-1.078153031543388
2012-06-08,561.5,580.5840000000001,548.5,580.32,74069600,19.33000000000004,3.330920871243458
2012-06-01,570.9,581.5,560.52,560.99,68664300,-1.2999999999999545,-0.23173318597478645
2012-05-25,534.5,576.5,534.05,562.29,97700400,31.909999999999968,5.675007558377344
2012-05-18,562.57,567.51,522.18,530.38,101406100,-36.33000000000004,-6.849805799615378
2012-05-11,561.5,575.88,558.73,566.71,77529300,1.4600000000000364,0.2576273579079311
2012-05-04,597.8,598.4,565.17,565.25,88038400,-37.75,-6.678460858027421
2012-04-27,570.61,618.0,555.0,603.0,138973100,30.019999999999982,4.978441127694857
2012-04-20,610.06,620.25,570.42,572.98,174876800,-32.25,-5.628468707459247
2012-04-13,626.13,644.0,603.51,605.23,130637800,-28.449999999999932,-4.700692298795488
2012-04-05,601.83,634.66,600.38,633.68,94542500,34.129999999999995,5.385999242519883
2012-03-30,599.79,621.45,595.26,599.55,114200300,3.5,0.5837711617046117
2012-03-23,598.37,609.65,582.0,596.05,122010700,10.479999999999905,1.7582417582417422
2012-03-16,548.982,600.01,547.0,585.57,160792400,40.40000000000009,6.899260549550027
2012-03-09,545.42,547.74,516.221,545.17,119759300,-0.009999999999990905,-0.0018342902213971614
2012-03-02,521.31,548.21,516.28,545.18,114820100,22.769999999999982,4.176602223118967
2012-02-24,506.88,522.9,504.12,522.41,73999900,20.289999999999964,3.883922589536947
2012-02-17,499.53,526.29,486.63,502.12,141574700,8.699999999999989,1.7326535489524393
2012-02-10,458.38,497.62,458.20099999999996,493.42,88894400,33.74000000000001,6.8379879210409005
2012-02-03,445.71,460.0,445.39,459.68,54088100,12.400000000000034,2.6975287156282706
2012-01-27,422.67,454.45,419.55,447.28,86989600,26.97999999999996,6.032015739581461
2012-01-20,424.2,431.369,419.75,420.3,42692900,0.4900000000000091,0.11658339281465838
2012-01-13,425.5001,427.75,418.66,419.81,46639800,-2.589999999999975,-0.6169457611776696
2012-01-06,409.4,422.75,409.0,422.4,41135900,17.399999999999977,4.119318181818176
2011-12-30,403.1,409.09,400.51,405.0,31763500,1.670000000000016,0.41234567901234964
2011-12-23,382.47,403.59,380.48,403.33,46694700,22.310000000000002,5.53145067314606
2011-12-16,391.68,395.4,377.68,381.02,61591500,-12.600000000000023,-3.306913022938435
2011-12-09,393.49,396.41,386.7625,393.62,57818000,3.920000000000016,0.9958843554697463
2011-12-02,372.35,393.6299,370.2,389.7,67658700,26.129999999999995,6.705157813702847
2011-11-25,370.4,377.93,363.32,363.57,55001200,-11.370000000000005,-3.1273207360343274
2011-11-18,383.5201,391.14,374.88,374.94,73741600,-9.680000000000007,-2.5817464127593768
2011-11-11,399.91,408.0,380.26,384.62,93855000,-15.620000000000005,-4.061151266184807
2011-11-04,402.42,409.33,393.22,400.24,71009200,-4.7099999999999795,-1.1767939236458074
2011-10-28,396.18,409.0,393.151,404.95,78799200,12.079999999999984,2.9830843313989344
2011-10-21,421.74,426.7,390.75,392.87,137222200,-29.129999999999995,-7.414666429098683
2011-10-14,379.09,422.0,378.21,422.0,95358600,52.19999999999999,12.369668246445494
2011-10-07,380.37,384.78,354.24,369.8,144188800,-11.519999999999982,-3.115197404002158
2011-09-30,399.86,409.25,381.18,381.32,109776400,-22.980000000000018,-6.026434490716463
2011-09-23,397.0,422.86,395.2045,404.3,132869600,3.8000000000000114,0.9398961167449942
2011-09-16,375.89,400.50300000000004,371.9,400.5,91408900,23.019999999999982,5.747815230961294
2011-09-09,367.37,388.61,366.48,377.48,65758800,3.430000000000007,0.9086574123132369
2011-09-02,388.18,392.08,371.83,374.05,76015800,-9.529999999999973,-2.5477877289132396
2011-08-26,364.51,383.8,355.09,383.58,118972900,27.55000000000001,7.1823348454038305
2011-08-19,379.63,384.97,356.0,356.03,108167100,-20.960000000000036,-5.887144341768963
2011-08-12,361.69,379.64,353.02,376.99,156286400,3.3700000000000045,0.8939229157272087
2011-08-05,397.78,399.5,362.57,373.62,145031500,-16.860000000000014,-4.5126063915208
2011-07-29,390.35,404.5,384.0,390.48,105440400,-2.819999999999993,-0.7221880762138888
2011-07-22,365.43,396.27,365.28,393.3,120585800,28.379999999999995,7.215865751334857
2011-07-15,356.34,365.0,348.62,364.92,78604400,5.210000000000036,1.42771018305383
2011-07-08,343.0,360.0,342.5,359.71,60320600,16.44999999999999,4.573128353395788
2011-07-01,327.59,343.5,327.25,343.26,62318800,16.909999999999968,4.926294936782605
2011-06-24,317.355,333.15,310.5,326.35,90149200,6.090000000000032,1.866094683621888
2011-06-17,327.2,333.25,318.33,320.26,78173200,-5.639999999999986,-1.7610691313307896
2011-06-10,344.84,347.05,325.51,325.9,72660500,-17.54000000000002,-5.382019024240571
2011-06-03,341.1,352.13199999999995,341.0,343.44,58016800,6.029999999999973,1.7557651991614176
2011-05-27,329.97,338.56,329.42,337.41,50925400,2.1899999999999977,0.6490619720814432
2011-05-20,339.2,342.414,330.73,335.22,65572300,-5.279999999999973,-1.5750850187936198
2011-05-13,347.86,350.0,340.35,340.5,52534100,-6.160000000000025,-1.809104258443473
2011-05-06,349.74,351.83,345.5,346.66,62907700,-3.4699999999999704,-1.0009807880920703
2011-04-29,350.34,354.99,345.52,350.13,83173700,-0.5659999999999741,-0.16165424270984322
2011-04-21,326.1,355.13,320.16,350.69599999999997,88705500,23.23599999999999,6.625681501927592
2011-04-15,334.06,336.14,326.8,327.46,68793300,-7.600000000000023,-2.3208941550113065
2011-04-08,344.31,344.6,333.95,335.06,74869200,-9.5,-2.835313078254641
2011-04-01,353.15,354.32,343.3,344.56,60155100,-6.980000000000018,-2.0257719990712846
2011-03-25,335.99,352.06,335.26,351.54,70069400,20.870000000000005,5.93673550662798
2011-03-18,353.18,356.4844,326.26,330.67,133274500,-21.319999999999993,-6.447515650043847
2011-03-11,361.4,361.67,344.9,351.99,83370200,-8.009999999999991,-2.275632830478136
2011-03-04,351.24,360.29,347.681,360.0,86280600,11.839999999999975,3.288888888888882
2011-02-25,342.15,348.43,337.72,348.16,86583200,-2.3999999999999773,-0.6893382352941111
2011-02-18,356.79,364.9,349.52,350.56,86513900,-6.2900000000000205,-1.7942720219078105
2011-02-11,347.89,360.0,347.64,356.85,94461800,10.350000000000023,2.900378310214382
2011-02-04,335.8,346.7,334.3,346.5,63516900,10.399999999999977,3.0014430014429947
2011-01-28,326.87,345.6,326.72,336.1,89482500,9.379999999999995,2.79083606069622
2011-01-21,329.52,348.6,326.0,326.72,161992900,-21.75999999999999,-6.660137120470123
2011-01-14,338.83,348.48,337.17,348.48,64317100,12.360000000000014,3.546831955922869
2011-01-07,325.64,336.35,324.8365,336.12,57932100,13.560000000000002,4.034273473759372
2010-12-31,322.8519,326.66,321.31,322.56,33567200,-1.0400000000000205,-0.32242063492064127
2010-12-23,321.6,325.72,318.23,323.6,40394400,2.990000000000009,0.9239802224969125
2010-12-17,324.37,325.06,319.0,320.61,68467700,0.05000000000001137,0.015595271513680597
2010-12-10,318.64,323.99,317.11,320.56,61376200,3.1200000000000045,0.9732967307212393
2010-12-03,315.5,319.0,310.87,317.44,79083000,2.4399999999999977,0.7686491935483865
2010-11-26,306.68,317.6999,305.87,315.0,55851200,8.269999999999982,2.6253968253968196
2010-11-19,308.46,310.54,297.76,306.73,86430000,-1.2999999999999545,-0.4238255142959457
2010-11-12,317.2,321.3,303.63,308.03,78809300,-9.100000000000023,-2.954257702171874
2010-11-05,302.22,320.18,302.2,317.13,84639600,16.149999999999977,5.092548797023295
2010-10-29,309.09,311.6,300.87,300.98,77355600,-6.490000000000009,-2.156289454448803
2010-10-22,318.47,319.0,300.02,307.47,141844900,-7.269999999999982,-2.3644583211370156
2010-10-15,294.74,315.0,292.49,314.74,106210000,20.670000000000016,6.567325411450726
2010-10-08,281.6,294.5,277.77,294.07,95533600,11.550000000000011,3.92763627707689
2010-10-01,293.975,294.73,275.0,282.52,111037700,-9.800000000000011,-3.468780971258676
2010-09-24,276.08,293.53,275.85,292.32,119558800,16.94999999999999,5.798440065681441
2010-09-17,265.82,277.96,265.52,275.37,89745700,11.95999999999998,4.343247267313062
2010-09-10,256.64,266.52,256.25,263.41,60543800,4.640000000000043,1.7615124710527477
2010-09-03,240.76,258.78,240.35,258.77,87047500,17.149999999999977,6.627507052594961
2010-08-27,251.79,252.0,235.56,241.62,93870400,-8.019999999999982,-3.3192616505256107
2010-08-20,247.58,254.67,246.62,249.64,67560800,0.539999999999992,0.21631148854349946
2010-08-13,261.48,262.15,246.12,249.1,80889000,-10.991000000000014,-4.412284223203539
2010-08-06,260.44,264.28,257.63,260.091,71431400,2.841000000000008,1.0923099991925933
2010-07-30,260.0,265.99,254.9,257.25,93475900,-2.6899999999999977,-1.045675413022351
2010-07-23,249.88,265.15,239.6,259.94,159421700,10.039999999999992,3.8624297914903414
2010-07-16,258.53,261.85,246.43,249.9,158234800,-9.719999999999999,-3.889555822328931
2010-07-09,251.0,262.9,246.16,259.62,87187800,12.680000000000007,4.884061320391344
2010-07-02,266.93,269.75,243.2,246.94,149088700,-19.75999999999999,-8.00194379201425
2010-06-25,277.69,279.01,265.81,266.7,125943900,-7.374000000000024,-2.76490438695164
2010-06-18,255.96,275.0,254.01,274.074,129613900,20.56400000000002,7.5030831089413885
2010-06-11,258.29,259.15,242.2,253.51,145159200,-2.4550000000000125,-0.9684036132696985
2010-06-04,259.69,265.94,254.63,255.965,106194000,-0.914999999999992,-0.35747074795381867
2010-05-28,247.28,259.4,237.16,256.88,147671300,14.560000000000002,5.668016194331985
2010-05-21,254.7,258.55,231.35,242.32,181358800,-11.5,-4.745790689996698
2010-05-14,250.25,265.0,248.53,253.82,137381000,17.95999999999998,7.0758805452682925
2010-05-07,263.84,267.88,225.21,235.86,179398000,-25.22999999999996,-10.697023658102248
2010-04-30,271.88,272.46,256.41,261.09,108861400,-9.740000000000009,-3.7305143820138684
2010-04-23,247.03,272.18,241.77,270.83,138500800,23.42999999999998,8.65118339918029
2010-04-16,242.2,251.14,241.11,247.4,77523000,5.610000000000014,2.2675828617623335
2010-04-09,234.975,241.92,234.77,241.79,95257100,5.819999999999993,2.4070474378592968
2010-04-01,233.0,238.73,231.62,235.97,75066400,5.069999999999993,2.1485782090943735
2010-03-26,220.47,231.95,220.15,230.9,101421100,8.650100000000009,3.7462537895192765
2010-03-19,225.38,226.45,220.25,222.2499,81890100,-4.350099999999998,-1.9573012181332803
2010-03-12,220.01,227.73,217.89,226.6,98871100,7.650000000000006,3.375992939099738
2010-03-05,205.75,219.7,205.45,218.95,98369800,14.329999999999984,6.544873258734864
2010-02-26,202.34,205.17,195.71,204.62,92814700,2.950000000000017,1.4416968038315008
2010-02-19,201.94,204.31,200.86,201.67,64943900,1.289999999999992,0.6396588486140686
2010-02-12,195.69,201.64,194.0,200.38,95976200,4.9199999999999875,2.455334863758852
2010-02-05,192.37,200.2,190.85,195.46,131125200,3.39700000000002,1.737951499027944
2010-01-29,202.51,213.71,190.25,192.063,252672600,-5.687000000000012,-2.9610075860524994
2010-01-22,208.33,215.55,197.16,197.75,101145800,-8.180000000000007,-4.136536030341344
2010-01-15,212.8,213.0,204.1,205.93,96055100,-6.049999999999983,-2.9378915165347363
2010-01-08,213.43,215.59,209.05,211.98,91876300,1.2479999999999905,0.58873478630059
2009-12-31,211.72,213.95,208.31,210.732,66223800,1.6920000000000073,0.8029155515061819
2009-12-24,196.05,209.35,195.67,209.04,64565600,13.609999999999985,6.510715652506691
2009-12-18,195.37,197.51,191.0,195.43,80923000,0.7600000000000193,0.3888860461546433
2009-12-11,193.32,199.7,188.68,194.67,107478000,1.3499999999999943,0.693481276005545
2009-12-04,201.11,202.77,190.28,193.32,102910200,-7.27000000000001,-3.7606041795985985
2009-11-27,203.0,206.0,198.37,200.59,49108800,0.6700000000000159,0.3340146567625584
2009-11-20,205.48,208.0,197.76,199.92,78751200,-4.530000000000001,-2.2659063625450186
2009-11-13,196.94,205.0,196.26,204.45,74317600,10.109999999999985,4.944974321349957
2009-11-06,189.8,195.19,185.57,194.34,84605500,5.840000000000003,3.005042708654936
2009-10-30,203.67,206.75,186.0667,188.5,119538300,-15.439999999999998,-8.190981432360742
2009-10-23,187.85,208.7099,185.55,203.94,160327700,15.889999999999986,7.7915073060704065
2009-10-16,191.02,192.32,187.84,188.05,64876400,-2.4199999999999875,-1.2868917840999665
2009-10-09,186.2,191.45,184.2701,190.47,79477500,5.569999999999993,2.924345041213836
2009-10-02,183.87,187.4,180.7,184.9,82158400,2.530000000000001,1.3683071930773398
2009-09-25,184.29,188.9,181.44,182.37,85148300,-2.6500000000000057,-1.4530898722377614
2009-09-18,170.83,186.79,170.25,185.02,104095000,12.860000000000014,6.950599935142154
2009-09-11,172.98,174.47,169.7,172.16,70222500,1.8499999999999943,1.074581784386614
2009-09-04,168.16,170.7,164.11,170.31,64757100,0.2599999999999909,0.1526627913804186
2009-08-28,170.12,172.49,164.83,170.05,69220200,0.8300000000000125,0.48809173772420605
2009-08-21,163.55,169.37,159.42,169.22,75961100,2.4399999999999977,1.4419099397234356
2009-08-14,165.66,168.67,161.88,166.78,65946600,1.2700000000000102,0.7614821921093717
2009-08-07,165.21,167.39,163.09,165.51,69364500,2.1200000000000045,1.2808893722433718
2009-07-31,160.17,165.0,157.26,163.39,73970200,3.4039999999999964,2.0833588346900034
2009-07-24,153.27,160.0,149.75,159.986,123204900,8.23599999999999,5.147950445663989
2009-07-17,139.54,152.02,137.53,151.75,82573600,13.22999999999999,8.718286655683684
2009-07-10,138.7,139.68,134.42,138.52,83018400,-1.5,-1.0828761189719895
2009-07-02,143.46,144.66,139.79,140.02,63803500,-2.4199999999999875,-1.7283245250678383
2009-06-26,140.67,143.56,132.88,142.44,101993000,2.960000000000008,2.0780679584386466
2009-06-19,136.01,139.5,134.53,139.48,99125200,2.509999999999991,1.7995411528534493
2009-06-12,143.82,144.56,136.04,136.97,120898200,-7.699999999999989,-5.621668978608446
2009-06-05,136.47,146.4,136.0,144.67,94902600,8.859999999999985,6.124282850625552
2009-05-29,124.76,135.9,124.55,135.81,79551300,13.310000000000002,9.80045652013843
2009-05-22,123.73,129.31,121.57,122.5,68778300,0.0799999999999983,0.06530612244897821
2009-05-15,127.37,130.96,119.38,122.42,86625200,-6.769999999999996,-5.530142133638291
2009-05-08,128.24,133.5,126.26,129.19,88603300,1.9500000000000028,1.5094047526898389
2009-05-01,122.9,127.95,122.66,127.24,81809400,3.339999999999989,2.6249607041810665
2009-04-24,121.73,127.2,118.6,123.9,120065700,0.480000000000004,0.3874092009685262
2009-04-17,120.01,124.25,115.76,123.42,83845800,3.8500000000000085,3.119429590017832
2009-04-09,114.94,120.0,113.28,119.57,77894000,3.5799999999999983,2.994062055699589
2009-04-03,104.51,116.13,102.61,115.99,111102000,9.14,7.879989654280542
2009-03-27,102.71,109.98,101.75,106.85,109384000,5.259999999999991,4.92278895648104
2009-03-20,96.45,103.48,94.18,101.59,127703400,5.659999999999997,5.571414509302093
2009-03-13,84.12,97.2,82.57,95.93,134234100,10.63000000000001,11.08099655999167
2009-03-06,89.31,92.77,82.33,85.3,141240000,-4.010000000000005,-4.701055099648306
2009-02-27,91.6,92.92,86.51,89.31,134416700,-1.8900000000000006,-2.1162243869667456
2009-02-20,96.79,97.04,89.0,91.2,108433500,-7.959999999999994,-8.728070175438589
2009-02-13,101.165,103.0,95.77,99.16,130900400,-0.5600000000000023,-0.5647438483259402
2009-02-06,89.1,100.0,88.9,99.72,121515500,9.590000000000003,9.616927396710793
2009-01-30,88.88,95.0,88.3,90.13,121996100,1.769999999999996,1.9638300232996742
2009-01-23,81.93,90.0,78.2,88.36,149374400,6.030000000000001,6.824354911724765
2009-01-16,90.46,90.99,80.05,82.33,189894200,-8.25,-10.020648609255435
2009-01-09,93.17,97.17,90.04,90.58,158725500,-0.1700000000000017,-0.18767939942592374
2009-01-02,86.52,91.04,84.72,90.75,107398500,4.939999999999998,5.443526170798895
2008-12-26,90.02,90.03,84.55,85.81,73551100,-4.189999999999998,-4.882880783125508
2008-12-19,95.99,96.48,88.02,90.0,176373600,-8.269999999999996,-9.188888888888885
2008-12-12,97.28,103.6,92.53,98.27,193159900,4.269999999999996,4.345171466368165
2008-12-05,91.3,96.23,86.5,94.0,198083400,1.3299999999999983,1.4148936170212747
2008-11-28,85.21,95.25,84.84,92.67,138398600,10.090000000000003,10.88809755044783
2008-11-21,88.48,91.58,79.14,82.58,243936000,-7.659999999999997,-9.275853717607164
2008-11-14,100.17,100.4,86.02,90.24,242381800,-8.0,-8.865248226950355
2008-11-07,105.93,111.79,95.72,98.24,218835800,-9.350000000000009,-9.517508143322486
2008-10-31,95.07,112.19,91.86,107.59,288990300,11.210000000000008,10.419183939027796
2008-10-24,99.78,101.25,90.11,96.38,330611700,-1.0200000000000102,-1.0583108528740508
2008-10-17,104.55,116.4,85.885,97.4,315964100,0.6000000000000085,0.6160164271047315
2008-10-10,91.96,101.5,85.0,96.8,358236200,-0.269999999999996,-0.27892561983470665
2008-10-03,119.62,119.68,94.65,97.07,337463800,-31.170000000000016,-32.11084784176369
2008-09-26,139.94,140.25,123.0,128.24,189878200,-12.669999999999987,-9.879912663755448
2008-09-19,142.03,147.69,120.68,140.91,229573400,-8.030000000000001,-5.698672911787667
2008-09-12,164.57,164.89,146.0,148.94,179582500,-11.240000000000009,-7.546663085806371
2008-09-05,172.4,173.5,157.65,160.18,108781000,-9.349999999999994,-5.837183168934945
2008-08-29,176.15,176.25,169.0401,169.53,87086800,-7.259999999999991,-4.282427888869221
2008-08-22,175.57,177.81,171.81,176.79,94804500,1.049999999999983,0.593924995757669
2008-08-15,170.07,180.45,169.67,175.74,142481500,6.189999999999998,3.522248776601797
2008-08-08,156.58,169.65,152.91,169.55,123524200,12.890000000000015,7.60247714538485
2008-08-01,162.18,162.47,153.65,156.66,120432300,-5.460000000000008,-3.485254691689013
2008-07-25,166.9,168.37,146.53,162.12,206253100,-3.030000000000001,-1.86898593634345
2008-07-18,175.37,179.3,165.0,165.15,153565300,-7.430000000000007,-4.498940357250988
2008-07-11,173.0,180.91,171.0,172.58,156257800,2.460000000000008,1.425425889442582
2008-07-03,170.04,177.45,164.0,170.12,112727100,0.030000000000001137,0.01763461086292096
2008-06-27,174.78,178.83,164.15,170.09,136572800,-5.180000000000007,-3.0454465283085463
2008-06-20,171.25,182.34,169.07,175.27,158684700,2.9000000000000057,1.6545900610486708
2008-06-13,184.92,186.78,165.31,172.37,237327700,-13.269999999999982,-7.698555433079991
2008-06-06,188.5,189.95,182.3354,185.64,138543300,-3.1100000000000136,-1.6752854988149182
2008-05-30,182.8,189.54,181.84,188.75,99687700,7.5800000000000125,4.015894039735106
2008-05-23,187.9,188.69,172.0,181.17,185249300,-6.45010000000002,-3.5602472815587682
2008-05-16,185.12,192.24,182.85,187.6201,149914300,4.170100000000019,2.2226296649452904
2008-05-09,181.81,188.2,180.54,183.45,160811400,2.509999999999991,1.3682202234941352
2008-05-02,169.74,181.92,169.13,180.94,169995500,11.210000000000008,6.195423897424565
2008-04-25,162.35,171.1,158.09,169.73,238266300,8.689999999999998,5.119896305897601
2008-04-18,146.77,162.26,144.54,161.04,145354700,13.900000000000006,8.631395926477897
2008-04-11,156.13,159.69,146.4,147.14,186137800,-5.940000000000026,-4.03697159168141
2008-04-04,143.27,154.715,142.52,153.08,169699500,10.070000000000022,6.5782597334727075
2008-03-28,134.01,145.74,133.64,143.01,179137000,9.73999999999998,6.810712537584772
2008-03-20,122.55,134.29,122.55,133.27,149894400,6.660000000000011,4.997373752532461
2008-03-14,121.98,130.3,119.37,126.61,201496600,4.359999999999999,3.4436458415606976
2008-03-07,124.44,127.5,118.0,122.25,260872300,-2.769999999999996,-2.265848670756643
2008-02-29,118.59,132.2,115.44,125.02,253947700,5.560000000000002,4.447288433850586
2008-02-22,125.99,126.75,115.87,119.46,158588500,-5.170000000000002,-4.3278084714548815
2008-02-15,128.01,131.0,123.62,124.63,187548000,-0.8500000000000085,-0.682018775575711
2008-02-08,134.21,135.9,117.27,125.48,251887600,-8.269999999999996,-6.590691743704173
2008-02-01,128.16,136.65,126.45,133.75,220510600,3.740000000000009,2.7962616822429975
2008-01-25,148.06,159.98,126.14,130.01,334583200,-31.350000000000023,-24.113529728482444
2008-01-18,177.52,179.42,156.7,161.36,326420600,-11.329999999999984,-7.021566683192851
2008-01-11,181.25,183.6,168.3,172.69,290184000,-7.360000000000014,-4.261972320342819
2008-01-04,199.5,200.5,178.89,180.05,139871800,-19.78,-10.985837267425715
2007-12-28,195.03,202.96,194.79,199.83,95682500,5.920000000000016,2.962518140419364
2007-12-21,190.72,193.9125,178.6,193.91,172956900,3.5200000000000102,1.8152751276365378
2007-12-14,193.59,200.0,185.76,190.39,164210500,-3.910000000000025,-2.0536792898786835
2007-12-07,181.86,194.99,176.99,194.3,164055300,12.080000000000013,6.21718991250644
2007-11-30,173.59,187.7,170.01,182.22,214729500,10.680000000000007,5.8610470859400765
2007-11-23,166.1,172.35,162.1,171.54,156487100,5.150000000000006,3.00221522676927
2007-11-16,165.28,177.57,150.63,166.39,279592300,1.0199999999999818,0.6130176092313131
2007-11-09,185.29,192.68,165.21,165.37,220356800,-22.5,-13.605853540545443
2007-11-02,185.7,190.12,180.0,187.87,147158200,3.170000000000016,1.6873369883430116
2007-10-26,170.35,188.6,169.9601,184.7,229058000,14.280000000000001,7.731456415809422
2007-10-19,167.98,174.63,163.5,170.42,192458200,3.1662999999999784,1.857939209013014
2007-10-12,163.49,171.11,153.25,167.2537,156266845,5.803799999999995,3.470057762548748
2007-10-05,154.63,161.58,152.93,161.4499,140074500,7.979900000000015,4.942647843077026
2007-09-28,146.73,155.0,146.65,153.47,160474300,9.319999999999993,6.07284811363784
2007-09-21,138.99,144.65,137.6,144.15,168395100,5.340000000000003,3.704474505723207
2007-09-14,137.0,139.4,133.75,138.81,169499200,7.039999999999992,5.071680714645913
2007-09-07,139.94,145.84,130.0,131.77,249175100,-6.7099999999999795,-5.092206116718509
2007-08-31,133.3907,139.65,126.63,138.48,191647700,3.1799999999999784,2.2963604852686155
2007-08-24,123.96,135.37,120.5,135.3,176671500,13.240000000000009,9.785661492978571
2007-08-17,128.33,129.35,111.62,122.06,198090100,-2.9399999999999977,-2.408651482877272
2007-08-10,132.9,137.24,120.3,125.0,186405300,-6.849899999999991,-5.479919999999993
2007-08-03,144.33,145.45,127.77,131.8499,219691800,-12.000100000000003,-9.1013341686266
2007-07-27,143.31,148.92,134.15,143.85,274131900,0.09999999999999432,0.06951685783802178
2007-07-20,138.39,144.18,136.04,143.75,153699800,6.02000000000001,4.1878260869565285
2007-07-13,132.38,137.85,128.81,137.73,167314800,5.429999999999978,3.9424961881942777
2007-07-06,121.05,133.34,119.3,132.3,160181800,10.260000000000005,7.755102040816329
2007-06-29,124.19,125.09,118.72,122.04,187896100,-0.9599999999999937,-0.7866273352998965
2007-06-22,123.28,125.18,120.72,123.0,151788000,2.5,2.0325203252032518
2007-06-15,126.0,126.15,115.4,120.5,243095100,-3.989999999999995,-3.311203319502071
2007-06-08,118.63,127.61,117.9,124.49,217016500,6.089999999999989,4.891959193509511
2007-06-01,114.45,122.17,112.69,118.4,153802400,4.780000000000001,4.037162162162163
2007-05-25,110.31,115.0,110.05,113.62,130142800,3.6000000000000085,3.168456257701116
2007-05-18,109.62,110.64,103.42,110.02,146066600,1.2800000000000011,1.163424831848756
2007-05-11,101.08,109.13,101.01,108.74,150509500,7.929999999999993,7.292624609159456
2007-05-04,100.09,101.6,98.55,100.81,93294400,0.8900000000000006,0.8828489237178857
2007-04-27,91.585,102.5,91.3,99.92,194995300,8.950000000000003,8.957165732586072
2007-04-20,90.57,92.3,89.6,90.97,99060400,0.730000000000004,0.8024623502253534
2007-04-13,95.21,95.3,90.0599,90.24,96123000,-4.440000000000012,-4.92021276595746
2007-04-05,94.14,95.23,93.02,94.68,68508100,1.7700000000000102,1.8694550063371462
2007-03-30,93.99,96.83,92.23,92.91,145202100,-0.6099999999999994,-0.6565493488322026
2007-03-23,90.24,94.36,89.59,93.52,103612500,3.9299999999999926,4.202309666381515
2007-03-16,88.07,90.6,87.92,89.59,125896000,1.6200000000000045,1.8082375265096602
2007-03-09,85.89,88.97,85.76,87.97,112543500,2.5600000000000023,2.91008298283506
2007-03-02,89.84,90.0,83.0,85.41,177023800,-3.6599999999999966,-4.285212504390583
2007-02-23,84.65,90.81,84.16,89.07,111754800,4.239999999999995,4.760300886942848
2007-02-16,84.43,85.64,83.63,84.83,92020300,1.5600000000000023,1.8389720617706027
2007-02-09,84.3,86.51,82.86,83.27,144630100,-1.480000000000004,-1.7773507865978193
2007-02-02,86.3,86.65,83.7,84.75,129342000,-0.6299999999999955,-0.7433628318584017
2007-01-26,89.14,89.16,84.99,85.38,195789700,-3.1200000000000045,-3.6542515811665552
2007-01-19,95.68,97.6,88.12,88.5,236407700,-6.1200000000000045,-6.91525423728814
2007-01-12,85.96,97.8,85.15,94.62,351865300,9.570000000000007,10.114140773620807
2007-01-05,86.29,86.58,81.9,85.05,104297200,0.20999999999999375,0.24691358024690624
2006-12-29,82.15,85.4,76.77,84.84,165098200,2.6400000000000006,3.111739745403112
2006-12-22,87.625,88.0,81.6,82.2,132770600,-5.519999999999996,-6.715328467153279
2006-12-15,88.9,90.0,85.53,87.72,141275800,-0.5400000000000063,-0.6155950752394052
2006-12-08,91.88,92.33,86.9,88.26,135702300,-3.059999999999988,-3.4670292318150784
2006-12-01,92.51,93.15899999999999,89.5,91.32,176202100,-0.3100000000000023,-0.3394656154183118
2006-11-24,85.4,93.08,85.2,91.63,85145700,5.780000000000001,6.307977736549167
2006-11-17,83.22,86.3,82.64,85.85,101975600,2.7299999999999898,3.179965055329051
2006-11-10,78.95,84.69,78.43,83.12,105298000,4.829999999999998,5.810875842155917
2006-11-03,79.985,81.68,77.79,78.29,89641300,-2.1199999999999903,-2.707880955422136
2006-10-27,79.99,82.6,79.75,80.41,100309200,0.45999999999999375,0.5720681507275137
2006-10-20,75.19,79.99,73.91,79.95,152711300,4.930000000000007,6.166353971232028
2006-10-13,73.8,76.88,72.6,75.02,100668500,0.7999999999999972,1.0663822980538484
2006-10-06,75.1,76.16,73.16,74.22,124402600,-2.760000000000005,-3.7186742118027554
2006-09-29,73.81,77.78,73.72,76.98,139347700,3.980000000000004,5.1701740711873265
2006-09-22,73.8,76.06,72.58,73.0,132048400,-1.0999999999999943,-1.5068493150684854
2006-09-15,72.43,74.98,71.42,74.1,198697600,1.5799999999999983,2.1322537112010775
2006-09-08,68.97,73.57,68.55,72.52,148230000,4.140000000000001,5.708769994484282
2006-09-01,68.5,68.65,65.12,68.38,119601000,-0.37000000000000455,-0.5410938871014984
2006-08-25,67.3,69.05,66.15,68.75,101378700,0.8400000000000034,1.2218181818181868
2006-08-18,64.05,68.66,63.6,67.91,124205700,4.259999999999998,6.273008393461932
2006-08-11,67.72,69.6,62.58,63.65,166946600,-4.649999999999999,-7.305577376276511
2006-08-04,66.83,70.0,64.96,68.3,173188800,2.7099999999999937,3.9677891654465505
2006-07-28,61.26,65.68,60.43,65.59,129889500,4.8700000000000045,7.424912334197292
2006-07-21,51.73,61.59,51.65,60.72,224277600,10.049999999999997,16.55138339920948
2006-07-14,55.7,56.49,50.16,50.67,161594300,-4.729999999999997,-9.334912176830464
2006-07-07,57.52,58.18,54.67,55.4,76627900,-1.8700000000000045,-3.3754512635379146
2006-06-30,59.17,59.22,55.41,57.27,124319500,-1.5599999999999952,-2.7239392352016676
2006-06-23,57.83,60.17,57.0,58.83,138095800,1.269999999999996,2.15876253612102
2006-06-16,58.83,59.74,56.69,57.56,168037500,-1.9600000000000009,-3.405142460041697
2006-06-09,61.15,61.56,57.15,59.52,151987500,-2.1399999999999935,-3.595430107526871
2006-06-02,63.29,63.3,58.69,61.66,124024100,-1.889000000000003,-3.063574440480057
2006-05-26,63.87,65.19,61.56,63.549,115205100,-0.9610000000000056,-1.5122189176855743
2006-05-19,67.37,68.38,62.82,64.51,138015000,-3.1899999999999977,-4.944969772128348
2006-05-12,72.99,73.8,66.86,67.7,108602500,-4.189999999999998,-6.189069423929095
2006-05-05,70.78,72.89,69.16,71.89,129763100,1.5,2.086521073862846
2006-04-28,66.92,71.3,65.5,70.39,126891500,3.3499999999999943,4.75919874982241
2006-04-21,66.51,70.0,64.35,67.04,180670900,0.5710000000000122,0.851730310262548
2006-04-13,70.24,70.93,65.81,66.469,118478700,-3.321000000000012,-4.99631407122119
2006-04-07,63.66,72.05,61.05,69.79,292504700,7.070000000000007,10.130391173520572
2006-03-31,60.23,63.61,57.67,62.72,251115600,2.759999999999998,4.4005102040816295
2006-03-24,65.21,65.46,59.03,59.96,207018200,-4.699999999999996,-7.838559039359566
2006-03-17,65.61,68.04,64.11,64.66,141317300,1.4699999999999989,2.2734302505412916
2006-03-10,67.6,67.72,62.45,63.19,152901500,-4.530000000000001,-7.16885583161893
2006-03-03,72.02,72.4,67.53,67.72,149463600,-3.739999999999995,-5.522740696987589
2006-02-24,70.63,73.0,68.0,71.46,112482400,1.1699999999999875,1.6372795969773126
2006-02-17,66.52,71.01,64.64,70.29,168870800,2.980000000000004,4.239578887466217
2006-02-10,72.16,72.51,62.9,67.31,246569800,-4.536999999999992,-6.740454612984685
2006-02-03,71.28,76.6,70.87,71.847,151163400,-0.18300000000000693,-0.2547079209987988
2006-01-27,76.1,79.56,71.1,72.03,200465100,-4.0589999999999975,-5.635152019991667
2006-01-20,85.7,86.38,75.83,76.089,173816700,-9.500900000000001,-12.486561789483371
2006-01-13,76.73,86.4,75.74,85.5899,232350700,9.289900000000003,10.853967582623653
2006-01-06,72.332,76.7,72.25,76.3,92168500,4.409999999999997,5.779816513761463
2005-12-30,74.0,75.18,70.34,71.89,75106900,-1.4599999999999937,-2.0308805118931614
2005-12-23,71.11,74.49,71.04,73.35,74450300,2.239999999999995,3.053851397409673
2005-12-16,74.87,75.46,70.27,71.11,132209300,-3.2205000000000013,-4.528898889045143
2005-12-09,71.95,74.83,71.49,74.3305,123787400,1.7005000000000052,2.287755362872583
2005-12-02,70.72,72.74,67.35,72.63,150510100,3.289999999999992,4.529808619027939
2005-11-25,64.82,69.54,63.72,69.34,69030700,4.780000000000001,6.893567926160947
2005-11-18,61.54,65.88,60.91,64.56,103302000,3.020000000000003,4.677819083023548
2005-11-11,60.85,62.11,59.01,61.54,98440000,0.39000000000000057,0.6337341566460848
2005-11-04,55.2,62.32,54.75,61.15,153928900,6.68,10.923957481602617
2005-10-28,55.25,57.56,54.17,54.47,103135800,-1.1899999999999977,-2.1846888195336844
2005-10-21,53.98,56.98,51.21,55.66,156771200,1.6599999999999966,2.98239310097017
2005-10-14,51.84,54.35,47.87,54.0,261857300,2.700000000000003,5.000000000000005
2005-10-07,54.16,55.35,50.55,51.3,110471500,-2.3100000000000023,-4.502923976608192
2005-09-30,54.03,54.56,50.59,53.61,113653200,0.4099999999999966,0.7647826897966734
2005-09-23,51.05,53.81,51.05,53.2,109303300,1.990000000000002,3.740601503759402
2005-09-16,51.1,51.63,49.33,51.21,86652400,-0.10000000000000142,-0.1952743604764722
2005-09-09,46.69,51.35,46.55,51.31,110713400,5.090000000000003,9.920093549015792
2005-09-02,45.27,47.17,45.26,46.22,62741400,0.4799999999999969,1.0385114668974402
2005-08-26,46.15,47.12,45.26,45.74,64025700,-0.0899999999999963,-0.19676432006995254
2005-08-19,46.48,48.33,45.75,45.83,105114400,-0.2700000000000031,-0.5891337551822019
2005-08-12,43.0,46.22,42.61,46.1,75221000,3.1099999999999994,6.746203904555313
2005-08-05,42.6,43.5,42.02,42.99,49310100,0.3400000000000034,0.7908816003721875
2005-07-29,43.99,44.38,42.26,42.65,59298600,-1.3500000000000014,-3.165298944900355
2005-07-22,41.41,44.04,41.07,44.0,86290200,2.450000000000003,5.568181818181825
2005-07-15,38.37,42.01,37.78,41.55,151585900,3.299999999999997,7.942238267148008
2005-07-08,36.6,38.28,36.5,38.25,54405500,1.75,4.57516339869281
2005-07-01,36.84,38.1,36.12,36.5,73829300,-1.259999999999998,-3.4520547945205426
2005-06-24,37.85,39.78,37.38,37.76,78719000,-0.5500000000000043,-1.4565677966101809
2005-06-17,35.89,38.54,35.75,38.31,88955800,2.5,6.525711302531975
2005-06-10,38.33,38.63,35.52,35.81,108229500,-2.4299999999999997,-6.785814018430606
2005-06-03,40.66,40.76,37.77,38.24,78173600,-2.3200000000000003,-6.066945606694561
2005-05-27,37.85,40.94,37.85,40.56,102627500,3.010000000000005,7.421104536489163
2005-05-20,34.56,37.68,34.53,37.55,105184800,2.779999999999994,7.4034620505991855
2005-05-13,37.24,37.45,33.11,34.77,161103400,-2.469999999999999,-7.103825136612018
2005-05-06,36.21,37.33,36.02,37.24,75873200,1.1799999999999997,3.1686358754027912
2005-04-29,36.49,37.51,35.22,36.06,122056900,0.5600000000000023,1.5529672767609601
2005-04-22,35.03,37.74,34.0,35.5,176881200,0.14999999999999858,0.42253521126760163
2005-04-15,44.22,44.25,35.28,35.35,273426800,-8.39,-23.734087694483737
2005-04-08,40.99,44.45,40.16,43.74,96714900,2.8500000000000014,6.515775034293555
2005-04-01,42.75,42.96,40.57,40.89,86040900,-1.6099999999999994,-3.937393005624846
2005-03-24,43.29,43.97,42.02,42.5,73395400,-0.46000000000000085,-1.0823529411764727
2005-03-18,40.52,43.44,39.52,42.96,126924200,2.6899999999999977,6.261638733705767
2005-03-11,42.8,43.25,38.83,40.27,150160300,-2.539999999999999,-6.307424882046185
2005-03-04,44.68,45.14,41.22,42.81,122158100,-46.17999999999999,-107.87199252511093
2005-02-25,86.3,89.91,85.29,88.99,89268100,2.1799999999999926,2.4497134509495364
2005-02-18,83.16,90.88,82.05,86.81,141154500,5.6000000000000085,6.450869715470578
2005-02-11,78.93,81.99,76.66,81.21,87500100,2.3699999999999903,2.9183598079054187
2005-02-04,74.58,79.91,74.51,78.84,83477900,4.859999999999999,6.1643835616438345
2005-01-28,70.98,73.98,70.55,73.98,68717800,3.490000000000009,4.717491213841591
2005-01-21,69.74,71.6,69.21,70.49,64010900,0.28999999999999204,0.4114058731734886
2005-01-14,69.9,74.42,63.3,70.2,199858900,0.9500000000000028,1.3532763532763572
2005-01-07,64.78,69.63,62.6,69.25,96468600,4.849999999999994,7.00361010830324
2004-12-31,64.64,65.15,62.05,64.4,40084600,0.39000000000000057,0.6055900621118021
2004-12-23,65.48,66.0,61.6,64.01,54362500,-0.9799999999999898,-1.5310107795656769
2004-12-17,65.74,67.5,64.6,64.99,55691700,-0.1600000000000108,-0.246191721803371
2004-12-10,64.31,66.73,62.05,65.15,80607100,2.470000000000006,3.7912509593246444
2004-12-03,69.0,69.57,61.75,62.68,103005000,-1.8699999999999974,-2.9834077855775325
2004-11-26,58.04,65.76,57.9,64.55,96796300,9.379999999999995,14.531371030209133
2004-11-19,55.08,56.91,54.22,55.17,40952300,-0.3299999999999983,-0.5981511691136456
2004-11-12,54.53,55.69,53.38,55.5,41327900,0.7800000000000011,1.4054054054054075
2004-11-05,52.5,56.11,52.04,54.72,83390800,2.3200000000000003,4.239766081871346
2004-10-29,47.19,53.2,46.97,52.4,68839000,4.990000000000002,9.522900763358782
2004-10-22,44.79,48.35,44.7,47.41,68132600,1.9099999999999966,4.028685931238128
2004-10-15,38.8,45.75,37.65,45.5,102618300,6.439999999999998,14.15384615384615
2004-10-08,39.01,40.93,38.4,39.06,39498700,0.39000000000000057,0.9984639016897094
2004-10-01,36.97,39.27,36.83,38.67,34189800,1.3800000000000026,3.5686578743211856
2004-09-24,36.9,38.87,36.81,37.29,32147000,0.14999999999999858,0.40225261464199136
2004-09-17,35.86,37.38,34.78,37.14,31673100,1.2700000000000031,3.419493807215948
2004-09-10,35.4,36.57,35.23,35.87,25622100,0.6400000000000006,1.7842207973236706
2004-09-03,34.02,35.99,33.96,35.23,32325400,0.8799999999999955,2.4978711325574667
2004-08-27,30.86,35.18,30.6,34.35,44269400,3.5500000000000007,10.334788937409026
2004-08-20,30.88,31.86,30.35,30.8,32661600,-0.03999999999999915,-0.12987012987012708
2004-08-13,29.85,31.54,29.81,30.84,27116500,1.0599999999999987,3.4370946822308652
2004-08-06,31.18,32.3,29.7,29.78,28392900,-2.5600000000000023,-8.596373404969786
2004-07-30,30.85,33.0,30.78,32.34,28020900,1.6400000000000041,5.071119356833655
2004-07-23,32.05,32.71,30.48,30.7,31533300,-1.5000000000000036,-4.8859934853420315
2004-07-16,30.01,33.63,28.74,32.2,69994700,2.1700000000000017,6.739130434782613
2004-07-09,31.27,31.42,29.95,30.03,21236000,-1.0499999999999972,-3.496503496503487
2004-07-02,33.9,34.19,29.73,31.08,48880700,-2.6200000000000045,-8.429858429858445
2004-06-25,33.1,33.83,32.12,33.7,30670300,0.7900000000000063,2.3442136498516506
2004-06-18,30.65,33.409,29.5,32.91,45639900,2.169999999999998,6.593740504405951
2004-06-10,29.04,30.97,28.81,30.74,23540700,1.9599999999999973,6.376057254391664
2004-06-04,27.79,29.25,27.61,28.78,20551600,0.7200000000000024,2.501737317581662
2004-05-28,27.25,28.78,27.11,28.06,22490000,0.9499999999999993,3.3856022808267974
2004-05-21,26.7,27.5,26.36,27.11,22469500,0.05000000000000071,0.1844337882700137
2004-05-14,26.27,27.72,25.94,27.06,23004000,0.389999999999997,1.4412416851441132
2004-05-07,26.0,27.57,25.5,26.67,26755700,0.8900000000000006,3.3370828646419213
2004-04-30,27.58,27.635,25.49,25.78,29883100,-1.9199999999999982,-7.44763382467028
2004-04-23,28.12,28.75,27.05,27.7,36663600,-1.4800000000000004,-5.342960288808666
2004-04-16,27.5,29.58,26.31,29.18,61983000,1.6499999999999986,5.654557916381078
2004-04-08,27.48,28.37,26.92,27.53,20351800,0.030000000000001137,0.10897203051217266
2004-04-02,27.4,27.99,26.62,27.5,30249800,0.46000000000000085,1.6727272727272757
2004-03-26,25.37,27.36,25.22,27.04,39626800,1.1799999999999997,4.3639053254437865
2004-03-19,27.03,27.35,25.39,25.86,39790000,-1.6999999999999993,-6.573859242072697
2004-03-12,26.79,28.14,25.75,27.56,54879900,0.8200000000000003,2.975326560232222
2004-03-05,24.09,27.49,23.6,26.74,53648600,2.8199999999999967,10.545998504113676
2004-02-27,22.45,24.02,21.8899,23.92,24940300,1.5200000000000031,6.354515050167237
2004-02-20,23.1,23.64,22.21,22.4,16308500,-0.6000000000000014,-2.678571428571435
2004-02-13,22.62,24.1,22.44,23.0,23073500,0.28999999999999915,1.2608695652173876
2004-02-06,22.46,22.91,21.7,22.71,23571100,0.15000000000000213,0.660501981505954
2004-01-30,22.46,23.38,22.19,22.56,22352500,0.0,0.0
2004-01-23,22.67,22.97,22.18,22.56,17406800,-0.16000000000000014,-0.7092198581560291
2004-01-16,23.16,24.84,22.5,22.72,56743500,-0.28000000000000114,-1.2323943661971881
2004-01-09,21.42,24.13,21.42,23.0,42482200,1.7199999999999989,7.4782608695652115
2004-01-02,20.91,21.75,20.86,21.28,13525100,0.5,2.3496240601503757
2003-12-26,19.65,20.91,19.25,20.78,17263100,1.0800000000000018,5.197305101058719
2003-12-19,21.49,21.49,19.62,19.7,32528600,-1.1900000000000013,-6.040609137055844
2003-12-12,20.78,21.34,19.96,20.89,16616600,0.03999999999999915,0.19147917663953637
2003-12-05,21.04,21.9,20.73,20.85,20040100,-0.05999999999999872,-0.2877697841726557
2003-11-28,20.5,21.27,20.249000000000002,20.91,17351900,0.629999999999999,3.012912482065992
2003-11-21,21.35,21.37,19.85,20.28,23597500,-1.1799999999999997,-5.8185404339250475
2003-11-14,22.45,22.72,21.28,21.46,21413800,-1.0399999999999991,-4.846225535880704
2003-11-07,22.83,23.3,22.45,22.5,26460100,-0.39000000000000057,-1.733333333333336
2003-10-31,22.75,24.0,22.4,22.89,20705700,0.28999999999999915,1.2669287898645658
2003-10-24,22.6,23.4,22.23,22.6,17897500,-0.14999999999999858,-0.6637168141592857
2003-10-17,23.73,25.011,22.41,22.75,44658600,-0.9299999999999997,-4.087912087912087
2003-10-10,21.67,23.81,21.58,23.68,29245700,1.9899999999999984,8.40371621621621
2003-10-03,21.49,21.86,20.19,21.69,24837500,1.0,4.610419548178884
2003-09-26,22.18,22.5,20.149,20.69,27414100,-1.889999999999997,-9.134847752537443
2003-09-19,22.81,23.05,21.855,22.58,22216300,-0.5200000000000031,-2.3029229406554617
2003-09-12,22.48,23.14,22.1,23.1,17253200,0.6000000000000014,2.5974025974026036
2003-09-05,22.66,23.32,22.4,22.5,16979900,-0.10999999999999943,-0.4888888888888864
2003-08-29,20.78,22.85,20.35,22.61,19843300,1.7300000000000004,7.651481645289697
2003-08-22,19.86,22.0,19.72,20.88,19736900,1.1699999999999982,5.60344827586206
2003-08-15,19.82,20.34,19.46,19.71,16150200,0.07000000000000028,0.3551496702181648
2003-08-08,20.53,21.5,19.42,19.64,18518900,-1.0899999999999999,-5.549898167006109
2003-08-01,21.5,21.505,20.17,20.73,17716800,-0.8099999999999987,-3.907380607814755
2003-07-25,20.69,21.57,20.2999,21.54,17342700,0.6809999999999974,3.1615598885793754
2003-07-18,20.01,21.18,19.38,20.859,30286300,1.0090000000000003,4.837240519679756
2003-07-11,19.27,20.5,19.13,19.85,19008000,0.7200000000000024,3.627204030226712
2003-07-03,18.68,19.55,18.51,19.13,15468100,0.3999999999999986,2.09095661265028
2003-06-27,19.301,19.69,18.48,18.73,29983100,-0.46999999999999886,-2.5093432995194815
2003-06-20,17.6,19.61,17.45,19.2,28733000,1.7799999999999976,9.270833333333321
2003-06-13,16.94,17.95,16.63,17.42,19741900,0.2700000000000031,1.549942594718732
2003-06-06,18.1,18.29,17.02,17.15,26741700,-0.8000000000000007,-4.6647230320699755
2003-05-30,17.96,18.9,17.53,17.95,24041500,-0.370000000000001,-2.0612813370473595
2003-05-23,18.53,18.65,17.6,18.32,27719600,-0.4800000000000004,-2.6200873362445436
2003-05-16,18.15,19.0,17.95,18.8,33005000,0.5,2.6595744680851063
2003-05-09,14.77,18.4,14.75,18.3,96441100,3.8500000000000014,21.038251366120225
2003-05-02,13.48,14.59,13.43,14.45,39592000,1.0999999999999996,7.612456747404842
2003-04-25,13.13,13.63,12.98,13.35,21303500,0.23000000000000043,1.7228464419475689
2003-04-17,13.71,13.75,12.72,13.12,43560000,-0.08000000000000007,-0.6097560975609762
2003-04-11,14.85,14.95,12.93,13.2,35220200,-1.2100000000000009,-9.166666666666673
2003-04-04,14.34,14.7,14.04,14.41,15609000,-0.16000000000000014,-1.1103400416377525
2003-03-28,14.67,14.83,14.3,14.57,13836400,-0.4299999999999997,-2.9512697323266965
2003-03-21,14.89,15.15,14.6,15.0,22006000,0.22000000000000064,1.466666666666671
2003-03-14,14.51,15.01,14.06,14.78,17979800,0.25,1.6914749661705006
2003-03-07,15.01,15.16,14.31,14.53,13530400,-0.4800000000000004,-3.303509979353066
2003-02-28,14.86,15.09,13.8,15.01,16704100,0.009999999999999787,0.06662225183211051
2003-02-21,14.75,15.3,14.65,15.0,16304700,0.33000000000000007,2.2000000000000006
2003-02-14,14.26,14.72,14.06,14.67,18091900,0.5199999999999996,3.5446489434219464
2003-02-07,14.41,14.93,14.07,14.15,22369000,-0.20999999999999908,-1.484098939929322
2003-01-31,13.68,15.07,13.65,14.36,32124800,0.5599999999999987,3.8997214484679574
2003-01-24,14.21,14.41,13.56,13.8,17898600,-0.29999999999999893,-2.173913043478253
2003-01-17,14.9,14.9,14.08,14.1,27906500,-0.620000000000001,-4.397163120567383
2003-01-10,15.03,15.38,14.44,14.72,24158500,-0.17999999999999972,-1.2228260869565197
2003-01-03,14.08,14.93,13.84,14.9,12225900,0.8399999999999999,5.637583892617449
2002-12-27,14.16,14.81,14.01,14.06,5904000,-0.08000000000000007,-0.5689900426742537
2002-12-20,14.81,15.19,13.78,14.14,23046500,-0.6499999999999986,-4.596888260254587
2002-12-13,14.94,15.55,14.65,14.79,19862800,-0.16000000000000014,-1.0818120351588922
2002-12-06,15.9,16.1,14.5,14.95,25734400,-0.5500000000000007,-3.6789297658862927
2002-11-29,16.03,16.14,15.27,15.5,15534300,-0.5100000000000016,-3.2903225806451712
2002-11-22,16.19,16.44,15.01,16.01,21975200,0.060000000000002274,0.37476577139289363
2002-11-15,15.75,16.41,15.12,15.95,16271700,0.10999999999999943,0.6896551724137895
2002-11-08,16.5,17.38,15.52,15.84,23752600,-0.5199999999999996,-3.28282828282828
2002-11-01,15.55,16.5,14.96,16.36,24371800,0.9399999999999995,5.7457212713936405
2002-10-25,14.26,15.45,14.0,15.42,19991500,1.08,7.003891050583658
2002-10-18,14.55,15.25,13.93,14.34,29734700,-0.16999999999999993,-1.1854951185495113
2002-10-11,13.97,14.78,13.36,14.51,29844300,0.4800000000000004,3.3080634045485904
2002-10-04,14.4,14.63,14.0,14.03,21753400,-0.6900000000000013,-4.918032786885256
2002-09-27,14.76,15.19,14.4,14.72,21140200,-0.14999999999999858,-1.019021739130425
2002-09-20,14.14,15.09,14.12,14.87,28607400,0.6999999999999993,4.70746469401479
2002-09-13,14.28,14.6,14.05,14.17,20766200,-0.21000000000000085,-1.4820042342978184
2002-09-06,14.49,14.78,14.05,14.38,19738700,-0.3699999999999992,-2.5730180806675884
2002-08-30,15.95,15.95,14.51,14.75,18890400,-0.9800000000000004,-6.644067796610173
2002-08-23,15.78,16.25,15.45,15.73,18342300,-0.08000000000000007,-0.5085823267641454
2002-08-16,14.9,16.1,14.54,15.81,25286100,0.8100000000000005,5.123339658444026
2002-08-09,14.51,15.38,13.97,15.0,22189600,0.5500000000000007,3.6666666666666714
2002-08-02,14.48,15.51,14.25,14.45,24080600,0.10999999999999943,0.7612456747404805
2002-07-26,14.75,15.22,13.8,14.34,34365000,-0.620000000000001,-4.323570432357051
2002-07-19,17.43,18.6,14.53,14.96,51837800,-2.539999999999999,-16.978609625668444
2002-07-12,18.52,18.79,16.97,17.5,26107200,-1.2399999999999984,-7.085714285714277
2002-07-05,17.71,18.75,16.75,18.74,15867100,1.0199999999999996,5.442902881536818
2002-06-28,16.77,17.82,15.98,17.72,32385800,0.8699999999999974,4.909706546275381
2002-06-21,20.24,20.63,16.79,16.85,57665200,-3.25,-19.287833827893174
2002-06-14,21.48,21.84,18.11,20.1,34513800,-1.2999999999999972,-6.467661691542275
2002-06-07,23.39,23.45,20.93,21.4,30935500,-1.9000000000000021,-8.878504672897208
2002-05-31,23.69,24.44,23.28,23.3,16667500,-0.8499999999999979,-3.6480686695278877
2002-05-24,24.57,25.24,23.32,24.15,24595600,-0.860000000000003,-3.561076604554878
2002-05-17,23.52,25.98,22.94,25.01,28419400,1.6900000000000013,6.757297081167538
2002-05-10,23.35,24.52,22.14,23.32,24805500,-0.19000000000000128,-0.8147512864494052
2002-05-03,23.16,24.38,23.09,23.51,22108600,0.5,2.126754572522331
2002-04-26,24.84,24.93,23.0,23.01,20402300,-1.9699999999999989,-8.561495002172963
2002-04-19,25.06,26.17,24.8,24.98,37273500,-0.0799999999999983,-0.32025620496396434
2002-04-12,24.16,25.2,23.78,25.06,25098600,0.3200000000000003,1.276935355147647
2002-04-05,24.7,25.19,23.28,24.74,22039600,1.0699999999999967,4.324979789814053
2002-03-28,24.07,24.09,23.0,23.67,13514800,-0.41999999999999815,-1.7743979721165952
2002-03-22,24.95,25.3,23.26,24.09,29638700,-0.8599999999999994,-3.5699460356994583
2002-03-15,24.6,25.14,23.88,24.95,20996500,0.28999999999999915,1.162324649298594
2002-03-08,23.26,25.09,22.76,24.66,24592700,1.2100000000000009,4.906731549067319
2002-03-01,22.85,24.72,20.94,23.45,45054800,0.7100000000000009,3.0277185501066133
2002-02-22,23.76,23.9,21.45,22.74,27302300,-1.1600000000000001,-5.1011433597185585
2002-02-15,23.93,25.24,23.74,23.9,26002000,-0.13000000000000256,-0.5439330543933162
2002-02-08,24.32,25.98,23.37,24.03,40714300,-0.379999999999999,-1.5813566375364085
2002-02-01,23.4,24.96,22.72,24.41,31519600,1.1600000000000001,4.752150757886113
2002-01-25,22.27,23.51,21.59,23.25,23223400,1.0799999999999983,4.645161290322573
2002-01-18,21.01,22.74,20.5,22.17,40582100,1.120000000000001,5.051871898962566
2002-01-11,23.72,24.0,20.26,21.05,36142800,-2.6400000000000006,-12.541567695961998
2002-01-04,22.51,23.95,21.83,23.69,30165400,1.2600000000000016,5.318699873364295
2001-12-28,20.9,23.0,20.9,22.43,12279700,1.4299999999999997,6.375390102541238
2001-12-21,20.4,21.68,20.19,21.0,21001900,0.6099999999999994,2.904761904761902
2001-12-14,22.29,22.99,20.09,20.39,17065600,-2.1499999999999986,-10.544384502206956
2001-12-07,21.06,24.03,20.6,22.54,29868100,1.2399999999999984,5.501330967169469
2001-11-30,19.94,21.55,19.88,21.3,26545200,1.4600000000000009,6.8544600938967175
2001-11-23,19.0,20.2,18.96,19.84,15549300,0.870000000000001,4.385080645161295
2001-11-16,18.66,19.9,17.96,18.97,19482400,0.259999999999998,1.3705851344227624
2001-11-09,18.84,20.13,18.53,18.71,25200700,0.14000000000000057,0.7482629609834343
2001-11-02,18.57,18.86,17.06,18.57,23212400,-0.10000000000000142,-0.5385029617662973
2001-10-26,18.21,19.42,17.75,18.67,35451100,0.370000000000001,1.9817889662560306
2001-10-19,17.95,18.41,16.96,18.3,28332200,0.28999999999999915,1.584699453551908
2001-10-12,15.57,18.08,15.5,18.01,23424000,1.870000000000001,10.38312048861744
2001-10-05,15.49,16.25,14.83,16.14,33409700,0.6300000000000008,3.903345724907068
2001-09-28,16.11,16.84,14.93,15.51,33037300,-0.22000000000000064,-1.4184397163120608
2001-09-21,16.0,17.72,14.68,15.73,38216400,-1.6400000000000006,-10.425937698664974
2001-09-10,17.0,17.5,16.92,17.37,5515100,0.08999999999999986,0.5181347150259059
2001-09-07,18.5,19.08,17.2,17.28,22008400,-1.2699999999999996,-7.349537037037034
2001-08-31,18.6,19.3,17.28,18.55,20945500,-0.019999999999999574,-0.10781671159029418
2001-08-24,18.14,18.62,17.58,18.57,19989100,0.5,2.6925148088314486
2001-08-17,19.1,19.36,17.97,18.07,20763300,-0.9499999999999993,-5.2573325954620875
2001-08-10,19.04,19.7,18.54,19.02,16642800,-0.4800000000000004,-2.5236593059936934
2001-08-03,19.12,19.9,18.51,19.5,21797600,0.5399999999999991,2.7692307692307647
2001-07-27,20.09,20.5,17.85,18.96,31015900,-1.0199999999999996,-5.379746835443036
2001-07-20,24.88,25.22,19.49,19.98,60164900,-4.870000000000001,-24.37437437437438
2001-07-13,22.09,25.01,20.84,24.85,40585500,2.8200000000000003,11.348088531187123
2001-07-06,23.64,24.23,21.72,22.03,14246500,-1.2199999999999989,-5.537902859736717
2001-06-29,22.5,25.1,22.45,23.25,34826100,0.9899999999999984,4.258064516129025
2001-06-22,20.41,23.0,19.98,22.26,30821000,1.8200000000000003,8.176100628930818
2001-06-15,21.05,21.73,19.35,20.44,33236700,-0.879999999999999,-4.305283757338547
2001-06-08,21.08,21.7,20.33,21.32,29369600,0.4299999999999997,2.016885553470918
2001-06-01,22.32,22.5,19.3,20.89,39143500,-1.870000000000001,-8.951651507898521
2001-05-25,23.63,24.13,22.5,22.76,28311700,-0.7699999999999996,-3.383128295254831
2001-05-18,22.89,25.5,22.75,23.53,24281200,0.6799999999999997,2.8899277518062036
2001-05-11,25.62,25.76,22.76,22.85,25158900,-2.8999999999999986,-12.69146608315098
2001-05-04,26.7,27.12,23.96,25.75,33449100,-0.4499999999999993,-1.7475728155339778
2001-04-27,24.34,26.29,23.51,26.2,44681300,1.1600000000000001,4.427480916030535
2001-04-20,22.09,25.75,19.6,25.04,82827500,2.6199999999999974,10.463258785942482
2001-04-12,20.69,23.02,20.06,22.42,24231900,1.8300000000000018,8.162355040142737
2001-04-06,22.09,22.66,18.75,20.59,38691700,-1.4800000000000004,-7.187955318115592
2001-03-30,23.13,23.75,21.13,22.07,51363400,-0.9299999999999997,-4.213864975079292
2001-03-23,19.75,23.56,19.37,23.0,51692500,3.379999999999999,14.69565217391304
2001-03-16,19.69,21.37,18.12,19.62,41281400,-0.629999999999999,-3.211009174311921
2001-03-09,19.37,22.06,19.25,20.25,35348400,1.0,4.938271604938271
2001-03-02,19.06,20.44,17.19,19.25,32140200,0.4400000000000013,2.2857142857142922
2001-02-23,19.19,19.94,18.0,18.81,25553200,-0.19000000000000128,-1.010101010101017
2001-02-16,19.06,20.56,18.5,19.0,24922100,-0.120000000000001,-0.6315789473684263
2001-02-09,20.5,21.39,18.69,19.12,41730800,-1.5,-7.845188284518828
2001-02-02,19.56,22.5,19.56,20.62,54923100,1.0600000000000023,5.140640155189147
2001-01-26,19.06,20.94,18.44,19.56,55151400,0.05999999999999872,0.3067484662576622
2001-01-19,17.44,19.56,16.5,19.5,56261900,2.3099999999999987,11.84615384615384
2001-01-12,16.94,18.5,15.94,17.19,49473600,0.8200000000000003,4.770215241419431
2001-01-05,14.88,18.5,14.44,16.37,43234600,1.4900000000000002,9.10201588271228
2000-12-29,14.88,15.0,14.19,14.88,26389200,-0.11999999999999922,-0.8064516129032205
2000-12-22,14.56,15.25,13.63,15.0,34822200,0.9399999999999995,6.266666666666663
2000-12-15,15.19,16.0,14.0,14.06,32873600,-1.0,-7.112375533428164
2000-12-08,17.19,17.44,14.0,15.06,57223300,-1.9999999999999982,-13.280212483399723
2000-12-01,19.87,19.94,16.12,17.06,39560200,-2.25,-13.188745603751467
2000-11-24,18.59,19.5,18.25,19.31,20562200,0.8099999999999987,4.194717762817187
2000-11-17,18.75,20.5,18.25,18.5,32298700,-0.5599999999999987,-3.02702702702702
2000-11-10,22.44,22.62,19.06,19.06,36011000,-3.1900000000000013,-16.736621196222462
2000-11-03,19.12,23.0,18.75,22.25,57267000,3.6900000000000013,16.584269662921354
2000-10-27,20.27,20.87,17.5,18.56,62251200,-0.9400000000000013,-5.064655172413801
2000-10-20,22.31,23.25,18.31,19.5,81324100,-2.5599999999999987,-13.128205128205122
2000-10-13,22.62,22.87,19.12,22.06,87962600,-0.13000000000000256,-0.5893019038984704
2000-10-06,26.69,26.75,21.0,22.19,132403500,-3.5599999999999987,-16.043262730959885
2000-09-29,52.75,55.5,25.37,25.75,170178100,-26.439999999999998,-102.67961165048543
2000-09-22,55.25,61.44,50.0,52.19,38582600,-3.039999999999999,-5.824870664878328
2000-09-15,58.69,60.38,54.25,55.23,26829100,-3.6500000000000057,-6.6087271410465425
2000-09-08,62.66,64.12,57.75,58.88,19054100,-4.559999999999995,-7.744565217391296
2000-09-01,57.25,63.63,57.06,63.44,28355300,6.6299999999999955,10.450819672131141
2000-08-25,50.25,57.5,49.63,56.81,23095700,6.810000000000002,11.9873261749692
2000-08-18,47.59,52.44,46.31,50.0,15635900,2.3100000000000023,4.6200000000000045
2000-08-11,47.88,49.06,45.56,47.69,22025600,0.30999999999999517,0.650031453134819
2000-08-04,49.16,51.63,44.25,47.38,18892100,-0.9299999999999997,-1.9628535246939631
2000-07-28,52.56,53.25,46.88,48.31,24413000,-5.25,-10.867315255640655
2000-07-21,58.25,58.88,51.75,53.56,30323000,-4.1299999999999955,-7.710978342046294
2000-07-14,54.09,60.63,53.75,57.69,28876100,3.25,5.63355867568036
2000-07-07,52.13,55.19,49.63,54.44,16235600,2.059999999999995,3.7839823659074123
2000-06-30,52.5,55.5,51.06,52.38,21464500,0.6900000000000048,1.3172966781214295
2000-06-23,90.56,103.94,50.31,51.69,24381700,-39.5,-76.41710195395628
2000-06-16,96.37,96.44,88.19,91.19,13137300,-4.560000000000002,-5.000548305735281
2000-06-09,93.31,98.5,89.69,95.75,14973700,3.1899999999999977,3.3315926892950367
2000-06-02,87.62,99.75,80.37,92.56,25386200,6.189999999999998,6.687554019014691
2000-05-26,93.75,93.75,83.0,86.37,22673700,-7.6299999999999955,-8.834085909459297
2000-05-19,108.06,109.06,93.37,94.0,23499300,-13.620000000000005,-14.489361702127665
2000-05-12,112.09,113.69,98.75,107.62,16551700,-5.5,-5.110574242705816
2000-05-05,124.87,126.25,110.56,113.12,14607300,-10.939999999999998,-9.67114568599717
2000-04-28,115.0,128.75,114.75,124.06,15878200,5.189999999999998,4.183459616314685
2000-04-20,109.5,130.25,109.06,118.87,18238900,7.0,5.888786068814671
2000-04-14,131.69,132.75,104.87,111.87,25827400,-19.879999999999995,-17.77062662018414
2000-04-07,135.5,139.5,116.75,131.75,17398400,-4.060000000000002,-3.08159392789374
2000-03-31,137.63,144.75,125.44,135.81,13759100,-2.8799999999999955,-2.12060967528164
2000-03-24,123.5,150.38,121.62,138.69,20591900,13.689999999999998,9.870935179176579
2000-03-17,122.12,126.5,114.0,125.0,16600800,-0.75,-0.6
2000-03-10,126.0,129.13,118.25,125.75,11429700,-2.25,-1.7892644135188867
2000-03-03,110.12,132.06,108.37,128.0,21508200,17.629999999999995,13.773437499999996
2000-02-25,110.12,119.12,106.69,110.37,13580100,-0.8799999999999955,-0.7973181118057402
2000-02-18,109.31,119.94,108.62,111.25,15664900,2.5,2.247191011235955
2000-02-11,108.0,117.12,105.94,108.75,14859900,0.75,0.6896551724137931
2000-02-04,101.0,110.0,94.5,108.0,21289500,6.3799999999999955,5.907407407407403
2000-01-28,108.44,114.19,100.62,101.62,18470300,-9.689999999999998,-9.535524503050578
2000-01-21,101.0,121.5,100.44,111.31,30213200,10.870000000000005,9.765519719701738
2000-01-14,102.0,102.25,86.5,100.44,29872700,,
