timestamp,open,high,low,close,adjusted close,volume,dividend amount
2018-05-17,189.0100,189.5300,185.1000,187.5800,187.5800,73605573,0.0000
2018-05-11,185.1800,190.3700,183.6650,188.5900,188.5900,148266951,0.7300
2018-05-04,162.1302,184.2500,161.8400,183.8300,183.1212,252805668,0.0000
2018-04-27,166.8348,166.9200,160.6300,162.3200,161.6941,162208431,0.0000
2018-04-20,175.0301,178.9365,165.4300,165.7200,165.0810,169238340,0.0000
2018-04-13,169.8800,175.8400,169.8450,174.7300,174.0563,128077139,0.0000
2018-04-06,167.8800,174.2304,164.4700,168.3800,167.7307,164408813,0.0000
2018-03-29,168.0700,175.1500,165.1900,167.7800,167.1331,155302506,0.0000
2018-03-23,177.3200,177.4700,164.9400,164.9400,164.3040,168666122,0.0000
2018-03-16,180.2900,183.5000,177.6200,178.0200,177.3336,151720299,0.0000
2018-03-09,175.2100,180.0000,174.2700,179.9800,179.2860,138442235,0.0000
2018-03-02,176.3500,180.6150,172.4500,176.2100,175.5306,196432091,0.0000
2018-02-23,172.0500,175.6500,171.0100,175.5000,174.8233,133197874,0.0000
2018-02-16,158.5000,174.8200,157.5100,172.4300,171.7651,222582467,0.0000
2018-02-09,159.1000,163.8800,150.2400,156.4100,155.8069,299885932,0.6300
2018-02-02,170.1600,170.1600,160.1000,160.5000,159.2397,248091289,0.0000
2018-01-26,177.3000,179.4400,170.0600,171.5100,170.1633,185072080,0.0000
2018-01-19,177.9000,180.1000,175.0700,178.4600,177.0587,122974060,0.0000
2018-01-12,174.3500,177.3600,173.0000,177.0900,175.6995,107548622,0.0000
2018-01-05,170.1600,175.3700,169.2600,175.0000,173.6259,99095223,0.0000
2017-12-29,170.8000,171.8500,169.2200,169.2300,167.9012,96281679,0.0000
2017-12-22,174.8800,177.2000,173.2500,175.0100,173.6358,115320238,0.0000
2017-12-15,169.2000,174.1700,168.7900,173.9700,172.6040,132453689,0.0000
2017-12-08,172.4800,172.6200,166.4600,169.3700,168.0401,134914322,0.0000
2017-12-01,175.0500,175.0800,167.1600,171.0500,169.7069,166555527,0.0000
2017-11-24,170.2900,175.5000,169.5600,174.9700,173.5961,79873651,0.0000
2017-11-17,173.5000,174.5000,168.3800,170.1500,168.8140,114281964,0.0000
2017-11-10,172.3650,176.2400,171.7200,174.6700,173.2985,136260721,0.6300
2017-11-03,163.8900,174.2600,163.7200,172.5000,170.5304,203892677,0.0000
2017-10-27,156.8900,163.6000,155.2700,163.0500,161.1883,119574587,0.0000
2017-10-20,157.9000,160.8700,155.0200,156.2500,154.4660,124593299,0.0000
2017-10-13,155.8100,158.0000,155.1000,156.9900,155.1975,80597481,0.0000
2017-10-06,154.2600,155.4900,152.4600,155.3000,153.5268,91971974,0.0000
2017-09-29,149.9900,154.7189,149.1600,154.1200,152.3603,152105993,0.0000
2017-09-22,160.1100,160.5000,150.5600,151.8900,150.1558,182738115,0.0000
2017-09-15,160.5000,163.9600,157.9100,159.8800,158.0545,217839085,0.0000
2017-09-08,163.7500,164.2500,158.5300,158.6300,156.8188,100402255,0.0000
2017-09-01,160.1400,164.9400,159.9300,164.0500,162.1769,124482489,0.0000
2017-08-25,157.5000,160.7400,155.1101,159.8600,158.0348,110686493,0.0000
2017-08-18,159.3200,162.5100,156.7200,157.5000,155.7017,130951564,0.0000
2017-08-11,157.0600,161.8300,154.6300,157.4800,155.6819,148310594,0.6300
2017-08-04,149.9000,159.7500,148.1300,156.3900,153.9798,159721244,0.0000
2017-07-28,150.5800,153.9900,147.3000,149.5000,147.1960,103916337,0.0000
2017-07-21,148.8200,151.7400,148.5700,150.2700,147.9541,103297255,0.0000
2017-07-14,144.1100,149.3300,143.3700,149.0400,146.7431,107844162,0.0000
2017-07-07,144.8800,145.3000,142.4100,144.1800,141.9580,76896820,0.0000
2017-06-30,147.1700,148.2800,142.2800,144.0200,141.8004,125310202,0.0000
2017-06-23,143.6600,147.1600,143.6600,146.2800,144.0256,121757322,0.0000
2017-06-16,145.7400,147.5000,142.2000,142.2700,140.0774,217066551,0.0000
2017-06-09,154.3400,155.9800,146.0200,148.9800,146.6840,93152454,0.0000
2017-06-02,153.4200,155.4500,152.2200,155.4500,153.0543,86663811,0.0000
2017-05-26,154.0000,154.9000,152.6700,153.6100,151.2427,101565411,0.0000
2017-05-19,156.0100,156.6500,149.7100,153.0600,150.7011,154981942,0.0000
2017-05-12,149.0300,156.4200,149.0300,156.1000,153.6943,167770544,0.6300
2017-05-05,145.1000,148.9800,144.2700,148.9600,146.0666,167777285,0.0000
2017-04-28,143.5000,144.9000,143.1800,143.6500,140.8597,89143525,0.0000
2017-04-21,141.4800,142.9200,140.4500,142.2700,139.5065,89248503,0.0000
2017-04-13,143.6000,143.8792,140.0600,141.0500,138.3102,87485653,0.0000
2017-04-07,143.7100,145.4600,143.0500,143.3400,140.5557,105402499,0.0000
2017-03-31,139.3900,144.5000,138.6200,143.6600,140.8695,127008757,0.0000
2017-03-24,140.4000,142.8000,139.7300,140.6400,137.9082,129673979,0.0000
2017-03-17,138.8500,141.0200,138.8200,139.9900,137.2708,121539506,0.0000
2017-03-10,139.3650,139.9800,137.0500,139.1400,136.4373,99672282,0.0000
2017-03-03,137.1400,140.2786,136.2800,139.7800,137.0649,127936976,0.0000
2017-02-24,136.2300,137.4800,135.2800,136.6600,134.0055,87908859,0.0000
2017-02-17,133.0800,136.2700,132.7500,135.7200,133.0838,136667496,0.0000
2017-02-10,129.1300,132.9400,128.9000,132.1200,129.5537,136449154,0.5700
2017-02-03,120.9300,130.4900,120.6200,129.0800,126.0302,249781248,0.0000
2017-01-27,120.0000,122.4400,119.5000,121.9500,119.0687,124748449,0.0000
2017-01-20,118.3400,120.5000,118.2200,120.0000,117.1648,116347987,0.0000
2017-01-13,117.9500,119.9300,117.9400,119.0400,116.2274,138810760,0.0000
2017-01-06,115.8000,118.1600,114.7600,117.9100,115.1241,103845468,0.0000
2016-12-30,116.5200,118.0166,115.4300,115.8200,113.0835,84828531,0.0000
2016-12-23,115.8000,117.5000,115.5900,116.5200,113.7670,113322891,0.0000
2016-12-16,113.2900,116.7300,112.4900,115.9700,113.2300,195015700,0.0000
2016-12-09,110.0000,114.7000,108.2500,113.9500,111.2577,151989664,0.0000
2016-12-02,111.4300,112.4650,108.8500,109.9000,107.3034,155499850,0.0000
2016-11-25,110.1200,112.4200,110.0100,111.7900,109.1487,94132421,0.0000
2016-11-18,107.7100,110.5400,104.0800,110.0600,107.4596,198341456,0.0000
2016-11-11,110.0800,111.7200,105.8300,108.4300,105.8681,207268979,0.0000
2016-11-04,113.6500,114.2300,108.1100,108.8400,106.2684,156346518,0.5700
2016-10-28,117.1000,118.3600,113.3100,113.7200,110.4599,210225569,0.0000
2016-10-21,117.3300,118.2100,113.8000,116.6000,113.2573,115531434,0.0000
2016-10-14,115.0200,118.6900,114.7200,117.6300,114.2578,208708383,0.0000
2016-10-07,112.7100,114.5600,112.2800,114.0600,110.7901,126029440,0.0000
2016-09-30,111.6400,114.6400,111.5500,113.0500,109.8091,156384035,0.0000
2016-09-23,115.1900,116.1800,111.5500,112.7100,109.4788,201095635,0.0000
2016-09-16,102.6500,116.1300,102.5300,114.9200,111.6255,390309366,0.0000
2016-09-09,107.9000,108.7600,103.1300,103.1300,100.1735,168803729,0.0000
2016-09-02,106.6200,108.0000,105.5000,107.7300,104.6416,133000624,0.0000
2016-08-26,108.8600,109.3200,106.3100,106.9400,103.8742,123605519,0.0000
2016-08-19,108.1400,110.2300,108.0800,109.3600,106.2249,132371408,0.0000
2016-08-12,107.5200,108.9400,107.1600,108.1800,105.0787,124505869,0.0000
2016-08-05,104.4100,107.6500,104.0000,107.4800,104.3988,170149120,0.5700
2016-07-29,98.2500,104.5500,96.4200,104.2100,100.6804,256571090,0.0000
2016-07-22,98.7000,101.0000,98.3100,98.6600,95.3184,147565456,0.0000
2016-07-15,96.7500,99.3000,96.7300,98.7800,95.4344,142910566,0.0000
2016-07-08,95.3900,96.8900,94.3700,96.6800,93.4055,112705961,0.0000
2016-07-01,93.0000,96.4650,91.5000,95.8900,92.6422,185461004,0.0000
2016-06-24,96.0000,96.8900,92.6500,93.4000,90.2366,206728924,0.0000
2016-06-17,98.6900,99.1200,95.3000,95.3300,92.1012,191732699,0.0000
2016-06-10,97.9900,101.8900,97.5500,98.8300,95.4827,124864375,0.0000
2016-06-03,99.6000,100.4000,96.6300,97.9200,94.6035,140176985,0.0000
2016-05-27,95.8700,100.7300,95.6700,100.3500,96.9512,204473324,0.0000
2016-05-20,92.3900,95.4300,91.6500,95.2200,91.9949,212707154,0.0000
2016-05-13,93.0000,93.7700,89.4700,90.5200,87.4541,216049836,0.0000
2016-05-06,93.9650,95.9000,91.8500,92.7200,89.5796,225607242,0.5700
2016-04-29,105.0000,105.6500,92.5100,93.7400,90.0148,349424063,0.0000
2016-04-22,108.8900,108.9500,104.6200,105.6800,101.4803,189053016,0.0000
2016-04-15,108.9700,112.3900,108.6600,109.8500,105.4846,162310051,0.0000
2016-04-08,110.4200,112.1900,108.1210,108.6600,104.3419,145722543,0.0000
2016-04-01,106.0000,110.4200,104.8800,109.9900,105.6190,147965003,0.0000
2016-03-24,105.9300,107.6500,104.8900,105.6700,101.4707,119783503,0.0000
2016-03-18,101.9100,106.5000,101.7800,105.9200,101.7107,182073165,0.0000
2016-03-11,102.3900,102.8300,100.1500,102.2600,98.1962,155221501,0.0000
2016-03-04,96.8600,103.7500,96.6500,103.0100,98.9164,201803826,0.0000
2016-02-26,96.3100,98.0237,93.3200,96.9100,93.0588,159052926,0.0000
2016-02-19,95.0200,98.8900,94.6100,96.0400,92.2234,168316315,0.0000
2016-02-12,93.1300,96.3500,92.5900,93.9900,90.2548,231122263,0.0000
2016-02-05,96.4700,97.3300,93.6900,94.0200,90.2837,217154766,0.5200
2016-01-29,101.5200,101.5300,92.3900,97.3400,92.9712,380336530,0.0000
2016-01-22,98.4100,101.4600,93.4200,101.4200,96.8681,243384093,0.0000
2016-01-15,98.9700,101.1900,95.3600,97.1300,92.7707,304337253,0.0000
2016-01-08,102.6100,105.8500,96.4300,96.9600,92.6083,343790211,0.0000
2015-12-31,107.5900,109.4300,104.8200,105.2600,100.5358,123761546,0.0000
2015-12-24,107.2800,109.0000,105.5700,108.0300,103.1815,126634011,0.0000
2015-12-18,112.1800,112.8000,105.8100,106.0300,101.2712,315791335,0.0000
2015-12-11,118.9800,119.8600,112.8510,113.1800,108.1003,188853944,0.0000
2015-12-04,117.9900,119.4100,114.2200,119.0300,113.6878,206765745,0.0000
2015-11-27,119.2700,119.7300,117.1200,117.8100,112.5225,109720453,0.0000
2015-11-20,111.3800,119.9200,111.0000,119.3000,113.9457,189947415,0.0000
2015-11-13,120.9600,121.8100,112.2700,112.3400,107.2980,216555289,0.0000
2015-11-06,119.8700,123.8200,119.6100,121.0600,115.6267,195203256,0.5200
2015-10-30,118.0800,121.2200,113.9900,119.5000,113.6480,322362121,0.0000
2015-10-23,110.8000,119.2280,110.1100,119.0800,113.2485,222074893,0.0000
2015-10-16,112.7300,112.7500,109.5600,111.0400,105.6022,184884970,0.0000
2015-10-09,109.8800,112.2800,108.2100,112.1200,106.6294,262432987,0.0000
2015-10-02,113.8500,114.5700,107.3100,110.3800,104.9746,311138027,0.0000
2015-09-25,113.6700,116.6900,112.3700,114.7100,109.0925,242696241,0.0000
2015-09-18,116.5800,116.8900,111.8700,113.4500,107.8942,277276007,0.0000
2015-09-11,111.6500,114.2100,109.7700,114.2100,108.6170,252662734,0.0000
2015-09-04,112.1300,114.5300,107.3600,109.2700,103.9189,298194194,0.0000
2015-08-28,94.8700,113.3100,92.0000,113.2900,107.7421,500362965,0.0000
2015-08-21,116.0400,117.6500,105.6450,105.7600,100.5808,320509056,0.0000
2015-08-14,116.5300,119.9900,109.6300,115.9600,110.2813,345185326,0.0000
2015-08-07,121.5000,122.5700,112.1000,115.5200,109.8629,384072497,0.5200
2015-07-31,123.0900,123.9100,120.9100,121.3000,114.8411,191598511,0.0000
2015-07-24,130.9700,132.9700,121.9900,124.5000,117.8707,344269021,0.0000
2015-07-17,125.0300,129.6200,124.3200,129.6200,122.7181,189245034,0.0000
2015-07-10,124.9400,126.2300,119.2200,123.2800,116.7157,275718368,0.0000
2015-07-02,125.4600,126.9400,124.4800,126.4400,119.7074,150981872,0.0000
2015-06-26,127.4900,129.8000,126.5100,126.7500,120.0009,195594004,0.0000
2015-06-19,126.1000,128.3100,125.7100,126.6000,119.8589,198525255,0.0000
2015-06-12,128.9000,130.1800,125.6200,127.1700,120.3985,220114589,0.0000
2015-06-05,131.2000,131.3900,128.3600,128.6500,121.7997,170840884,0.0000
2015-05-29,132.6000,132.9100,129.1200,130.2800,123.3429,198148567,0.0000
2015-05-22,128.3800,132.9700,128.3600,132.5400,125.4826,217297426,0.0000
2015-05-15,127.3900,129.4900,124.8200,128.7700,121.9134,208301514,0.0000
2015-05-08,129.5000,130.5700,123.3600,127.6200,120.8246,271891981,0.5200
2015-05-01,132.3100,134.5400,124.5800,128.9500,121.5790,420972321,0.0000
2015-04-24,125.5700,130.6300,125.1700,130.2800,122.8330,207440679,0.0000
2015-04-17,128.3700,128.5700,124.4600,124.7500,117.6191,171186168,0.0000
2015-04-10,124.4700,128.1218,124.3300,127.1000,119.8348,182207413,0.0000
2015-04-02,124.0500,126.4900,123.1000,125.3200,118.1565,162031791,0.0000
2015-03-27,127.1200,128.0400,122.6000,123.2500,116.2049,209326175,0.0000
2015-03-20,123.8800,129.2451,122.8700,125.9000,118.7034,266672975,0.0000
2015-03-13,127.9600,129.5700,121.6300,123.5900,116.5254,326514045,0.0000
2015-03-06,129.2500,130.2800,125.7600,126.6000,119.3634,246938492,0.0000
2015-02-27,130.0200,133.6000,126.6100,128.4600,121.1171,368216362,0.0000
2015-02-20,127.4900,129.5000,126.9200,129.4950,122.0929,194354942,0.0000
2015-02-13,118.5500,127.4800,118.4300,127.0800,119.8159,303206785,0.0000
2015-02-06,118.0500,120.5100,116.0800,118.9300,112.1318,270757404,0.4700
2015-01-30,113.7400,120.0000,109.0300,117.1600,110.0318,465842684,0.0000
2015-01-23,107.8400,113.7500,106.5000,112.9800,106.1061,198737041,0.0000
2015-01-16,112.6000,112.8000,105.2000,105.9900,99.5414,304226647,0.0000
2015-01-09,108.2900,113.2500,104.6300,112.0100,105.1951,282868187,0.0000
2015-01-02,113.7900,114.7700,107.3500,109.3300,102.6782,152088374,0.0000
2014-12-26,112.1600,114.5200,111.9700,113.9900,107.0547,119396530,0.0000
2014-12-19,110.7000,113.2400,106.2600,111.7800,104.9791,328856576,0.0000
2014-12-12,114.1000,114.8500,109.3500,109.7300,103.0539,259937920,0.0000
2014-12-05,118.8100,119.2500,111.2700,115.0000,108.0032,266701088,0.0000
2014-11-28,116.8500,119.7500,116.6200,118.9300,111.6941,100105403,0.0000
2014-11-21,114.2700,117.5700,113.3000,116.4700,109.3838,233414685,0.0000
2014-11-14,109.0200,114.1900,108.4000,114.1800,107.2331,205166680,0.0000
2014-11-07,108.2200,110.3000,107.7200,109.0100,102.3777,199952812,0.4700
2014-10-31,104.8500,108.0400,104.7000,108.0000,100.9924,220230607,0.0000
2014-10-24,98.3150,105.4900,98.2200,105.2200,98.3928,358532919,0.0000
2014-10-17,101.3300,101.7800,95.1800,97.6700,91.3327,358539741,0.0000
2014-10-10,99.9500,102.3800,98.3100,100.7300,94.1942,280258156,0.0000
2014-10-03,98.6500,101.5400,98.0400,99.6200,93.1562,247749150,0.0000
2014-09-26,101.8000,102.9400,97.7200,100.7500,94.2129,337730724,0.0000
2014-09-19,102.8100,103.0500,98.8900,100.9600,94.4092,296789500,0.0000
2014-09-12,99.3000,103.0800,96.1400,101.6600,95.0638,461559500,0.0000
2014-09-05,103.0600,103.7400,97.7900,98.9700,92.5484,322672500,0.0000
2014-08-29,101.7900,102.9000,100.7000,102.5000,95.8493,233048700,0.0000
2014-08-22,98.4900,101.4700,97.9800,101.3200,94.7459,246983800,0.0000
2014-08-15,95.2700,98.1900,94.8355,97.9800,91.6226,179363000,0.0000
2014-08-08,96.3700,96.5800,93.2800,94.7400,88.5928,223025000,0.4700
2014-08-01,97.8200,99.4400,94.8100,96.1300,89.4477,236825000,0.0000
2014-07-25,94.9900,97.8800,93.7200,97.6710,90.8815,276392000,0.0000
2014-07-18,95.8600,97.1000,92.5700,94.4300,87.8658,249075900,0.0000
2014-07-11,94.1400,96.8000,93.5200,95.2200,88.6009,231830000,0.0000
2014-07-03,92.1000,94.1000,92.0900,94.0300,87.4936,139168800,0.0000
2014-06-27,91.3200,92.0000,89.6500,91.9800,85.5861,216257000,0.0000
2014-06-20,91.5100,92.7500,90.9000,90.9100,84.5905,235227000,0.0000
2014-06-13,92.7000,95.0500,90.8800,91.2800,84.9348,293146997,0.0000
2014-06-06,633.9600,651.2600,622.5000,645.5700,85.8134,58974500,0.0000
2014-05-30,615.8800,644.1700,615.6300,633.0000,84.1425,57315800,0.0000
2014-05-23,597.8500,614.7293,597.3300,614.1300,81.6341,42229300,0.0000
2014-05-16,587.4900,597.5300,585.4000,597.5100,79.4249,37373300,0.0000
2014-05-09,590.1400,604.4099,580.3300,585.5425,77.8341,52371100,3.2900
2014-05-02,572.8000,599.4300,572.5500,592.5800,78.3313,67823800,0.0000
2014-04-25,525.3400,571.9900,523.9600,571.9400,75.6030,68937100,0.0000
2014-04-17,521.9000,527.7600,511.3300,524.9400,69.3902,34688000,0.0000
2014-04-11,528.0200,532.2400,517.1400,519.6100,68.6856,44688500,0.0000
2014-04-04,539.2300,543.4800,530.5800,531.8200,70.2996,35265900,0.0000
2014-03-28,538.4200,549.0000,534.2500,536.8600,70.9658,48584200,0.0000
2014-03-21,527.7000,536.2400,525.2001,532.8700,70.4384,43442600,0.0000
2014-03-14,528.3600,539.6600,523.0000,524.6900,69.3571,41145600,0.0000
2014-03-07,523.4200,534.7500,522.8100,530.4400,70.1172,39435800,0.0000
2014-02-28,523.1500,532.7500,515.6000,526.2400,69.5620,52533200,0.0000
2014-02-21,546.0000,551.1900,524.6000,525.2500,69.4312,41380800,0.0000
2014-02-14,518.6600,545.9799,518.0000,543.9900,71.9083,54151400,0.0000
2014-02-07,502.6100,522.9299,499.3000,519.6800,68.6949,61947700,3.0500
2014-01-31,550.0700,554.8000,493.5500,500.6000,65.7813,116661100,0.0000
2014-01-24,540.9900,557.2900,540.4200,546.0700,71.7563,55039500,0.0000
2014-01-17,529.9100,560.2000,529.8800,540.6700,71.0467,62811100,0.0000
2014-01-10,537.4500,546.8600,531.1100,532.9400,70.0309,56159800,0.0000
2014-01-03,557.4600,561.2800,540.4300,540.9800,71.0874,39423800,0.0000
2013-12-27,568.0000,571.8800,559.5000,560.0900,73.5985,39241200,0.0000
2013-12-20,555.0200,562.6389,538.8000,549.0200,72.1439,65538600,0.0000
2013-12-13,560.9001,570.9700,553.6700,554.4300,72.8548,55485500,0.0000
2013-12-06,558.0000,575.1358,550.8200,560.0200,73.5894,74759100,0.0000
2013-11-29,521.0200,558.3300,521.0000,556.0700,73.0703,46866800,0.0000
2013-11-22,524.9900,527.1900,513.6700,519.8000,68.3042,40484000,0.0000
2013-11-15,519.9900,529.2800,514.4100,524.9910,68.9864,43903200,0.0000
2013-11-08,521.1000,528.8850,512.3800,520.5600,68.4041,45541200,3.0500
2013-11-01,529.0400,539.2500,514.5400,520.0300,67.9367,74678500,0.0000
2013-10-25,511.7700,533.2300,508.0300,525.9580,68.7111,70301800,0.0000
2013-10-18,489.8300,509.2600,489.3500,508.8900,66.4814,49186000,0.0000
2013-10-11,486.5600,493.8400,478.2800,492.8120,64.3809,51831300,0.0000
2013-10-04,477.2500,492.3500,474.4110,483.0300,63.1030,53030200,0.0000
2013-09-27,496.1000,496.9100,480.7200,482.7500,63.0664,68166800,0.0000
2013-09-20,461.0000,478.5500,447.2200,467.4100,61.0624,89421200,0.0000
2013-09-13,505.0000,507.9200,464.7000,464.9000,60.7345,95909500,0.0000
2013-09-06,493.1000,502.2400,487.3500,498.2200,65.0874,45459100,0.0000
2013-08-30,500.7500,510.2000,486.0000,487.2160,63.6499,56239900,0.0000
2013-08-23,504.3400,513.7400,498.2000,501.0200,65.4532,59715200,0.0000
2013-08-16,456.8600,504.2500,456.6300,502.3300,65.6244,101976700,0.0000
2013-08-09,464.6900,471.8900,453.6500,454.4500,59.3693,52686200,3.0500
2013-08-02,440.8000,462.8500,440.2000,462.5400,60.0291,48624000,0.0000
2013-07-26,429.4600,444.5900,418.7100,440.9900,57.2323,57099100,0.0000
2013-07-19,425.0100,434.8700,424.1700,424.9500,55.1506,40894500,0.0000
2013-07-12,420.1100,429.7900,410.3800,426.5100,55.3530,54928000,0.0000
2013-07-05,402.6900,423.2900,401.2200,417.4200,54.1733,49138300,0.0000
2013-06-28,407.4000,408.6600,388.8700,396.5300,51.4622,74228400,0.0000
2013-06-21,431.4400,435.7000,408.1001,413.5000,53.6646,57278900,0.0000
2013-06-14,444.7300,449.0790,428.5000,430.0500,55.8125,55685400,0.0000
2013-06-07,450.7300,454.4300,432.7700,441.8110,57.3388,63469300,0.0000
2013-05-31,449.9000,457.1000,439.4000,449.7350,58.3672,51948000,0.0000
2013-05-24,431.9100,448.3499,430.1000,445.1500,57.7722,70708100,0.0000
2013-05-17,451.5100,457.9000,418.9000,433.2600,56.2291,90599600,0.0000
2013-05-10,455.7100,465.7500,450.4800,452.9700,58.7871,78083300,3.0500
2013-05-03,420.4500,453.2300,420.0000,449.9800,58.0116,93639400,0.0000
2013-04-26,392.6400,418.7690,391.2750,417.2050,53.7863,114740900,0.0000
2013-04-19,427.0000,427.8900,385.1000,390.5300,50.3473,101568600,0.0000
2013-04-12,424.8500,437.9900,422.4900,429.8000,55.4100,55369600,0.0000
2013-04-05,441.9000,443.6980,419.6800,423.2000,54.5592,72307500,0.0000
2013-03-28,464.6900,469.9500,441.6200,442.6600,57.0679,56053800,0.0000
2013-03-22,441.4500,462.1000,441.2000,461.9100,59.5497,79285500,0.0000
2013-03-15,429.7499,444.2300,425.1400,443.6600,57.1969,81911900,0.0000
2013-03-08,427.8000,435.4300,419.0000,431.7200,55.6576,90764100,0.0000
2013-03-01,453.8500,455.1200,429.9800,430.4700,55.4964,83442600,0.0000
2013-02-22,461.1000,462.7300,442.8200,450.8100,58.1186,60354400,0.0000
2013-02-15,476.5000,484.9400,459.9200,460.1600,59.3241,83884700,0.0000
2013-02-08,453.9100,478.8100,442.0000,474.9800,61.2347,106496800,2.6500
2013-02-01,437.8250,462.6000,435.8600,453.6200,58.1518,94023200,0.0000
2013-01-25,504.5600,514.9900,435.0000,439.8800,56.3904,142569100,0.0000
2013-01-18,502.6800,510.7500,483.3800,500.0000,64.0975,115299500,0.0000
2013-01-11,522.0000,531.8900,515.2000,520.3000,66.6998,82218600,0.0000
2013-01-04,510.5300,555.0000,509.0000,527.0000,67.5587,77403900,0.0000
2012-12-28,520.3500,524.2500,504.6600,509.5892,65.3268,45985300,0.0000
2012-12-21,508.9300,534.9000,501.2300,519.3300,66.5755,103950700,0.0000
2012-12-14,525.0000,549.5600,505.5800,509.7940,65.3530,119457600,0.0000
2012-12-07,593.6500,594.5900,518.6300,533.2500,68.3600,140365700,0.0000
2012-11-30,575.9000,594.2500,572.2600,585.2800,75.0299,92528300,0.0000
2012-11-23,540.7097,572.0000,539.8800,571.5000,73.2634,75425000,0.0000
2012-11-16,554.1500,554.5000,505.7501,527.6780,67.6457,127954500,0.0000
2012-11-09,583.5150,590.7400,533.7200,547.0600,70.1303,131562900,2.6500
2012-11-02,594.8800,603.0000,574.7500,576.8000,73.5933,52524100,0.0000
2012-10-26,612.4200,635.3800,591.0000,604.0000,77.0638,124541500,0.0000
2012-10-19,632.3500,652.7900,609.6200,609.8400,77.8089,92572200,0.0000
2012-10-12,646.8800,647.5600,623.5500,629.7140,80.3446,106894400,0.0000
2012-10-05,671.5000,676.7500,650.6500,652.5900,83.2633,91450000,0.0000
2012-09-28,686.8600,695.1200,660.3500,667.1050,85.1153,102295000,0.0000
2012-09-21,699.3500,705.0700,693.6200,700.0950,89.3244,71663100,0.0000
2012-09-14,680.4500,696.9800,656.0000,691.2800,88.1997,103680300,0.0000
2012-09-07,665.7600,682.4800,664.5000,680.4400,86.8167,50897500,0.0000
2012-08-31,679.9900,680.8700,657.2500,665.2400,84.8773,54937600,0.0000
2012-08-24,650.0100,674.8800,648.1100,663.2220,84.6198,101746300,0.0000
2012-08-17,623.3900,648.1900,623.2500,648.1100,82.6917,56201400,0.0000
2012-08-10,617.2900,625.0000,615.2600,621.7000,79.3221,44779900,2.6500
2012-08-03,590.9200,617.9800,587.8200,615.7000,78.2226,67966100,0.0000
2012-07-27,594.4000,609.6800,570.0000,585.1600,74.3426,97892500,0.0000
2012-07-20,605.1200,615.3500,603.1500,604.3000,76.7743,60068500,0.0000
2012-07-13,605.3000,619.8700,592.6800,604.9700,76.8594,75005500,0.0000
2012-07-06,584.7300,614.3400,583.6000,605.8800,76.9750,55182800,0.0000
2012-06-29,577.3000,584.0000,565.6100,584.0000,74.1952,53151900,0.0000
2012-06-22,570.9600,590.0000,570.3700,582.1000,73.9538,63270800,0.0000
2012-06-15,587.7200,588.5000,566.7000,574.1300,72.9413,71466200,0.0000
2012-06-08,561.5000,580.5840,548.5000,580.3200,73.7277,74069600,0.0000
2012-06-01,570.9000,581.5000,560.5200,560.9900,71.2719,68664300,0.0000
2012-05-25,534.5000,576.5000,534.0500,562.2900,71.4371,97700400,0.0000
2012-05-18,562.5700,567.5100,522.1800,530.3800,67.3830,101406100,0.0000
2012-05-11,561.5000,575.8800,558.7300,566.7100,71.9986,77529300,0.0000
2012-05-04,597.8000,598.4000,565.1700,565.2500,71.8131,88038400,0.0000
2012-04-27,570.6100,618.0000,555.0000,603.0000,76.6091,138973100,0.0000
2012-04-20,610.0600,620.2500,570.4200,572.9800,72.7952,174876800,0.0000
2012-04-13,626.1300,644.0000,603.5100,605.2300,76.8924,130637800,0.0000
2012-04-05,601.8300,634.6600,600.3800,633.6800,80.5069,94542500,0.0000
2012-03-30,599.7900,621.4500,595.2600,599.5500,76.1708,114200300,0.0000
2012-03-23,598.3700,609.6500,582.0000,596.0500,75.7261,122010700,0.0000
2012-03-16,548.9820,600.0100,547.0000,585.5700,74.3947,160792400,0.0000
2012-03-09,545.4200,547.7400,516.2210,545.1700,69.2620,119759300,0.0000
2012-03-02,521.3100,548.2100,516.2800,545.1800,69.2633,114820100,0.0000
2012-02-24,506.8800,522.9000,504.1200,522.4100,66.3704,73999900,0.0000
2012-02-17,499.5300,526.2900,486.6300,502.1200,63.7927,141574700,0.0000
2012-02-10,458.3800,497.6200,458.2010,493.4200,62.6873,88894400,0.0000
2012-02-03,445.7100,460.0000,445.3900,459.6800,58.4008,54088100,0.0000
2012-01-27,422.6700,454.4500,419.5500,447.2800,56.8254,86989600,0.0000
2012-01-20,424.2000,431.3690,419.7500,420.3000,53.3977,42692900,0.0000
2012-01-13,425.5001,427.7500,418.6600,419.8100,53.3354,46639800,0.0000
2012-01-06,409.4000,422.7500,409.0000,422.4000,53.6645,41135900,0.0000
2011-12-30,403.1000,409.0900,400.5100,405.0000,51.4539,31763500,0.0000
2011-12-23,382.4700,403.5900,380.4800,403.3300,51.2417,46694700,0.0000
2011-12-16,391.6800,395.4000,377.6800,381.0200,48.4073,61591500,0.0000
2011-12-09,393.4900,396.4100,386.7625,393.6200,50.0081,57818000,0.0000
2011-12-02,372.3500,393.6299,370.2000,389.7000,49.5101,67658700,0.0000
2011-11-25,370.4000,377.9300,363.3200,363.5700,46.1903,55001200,0.0000
2011-11-18,383.5201,391.1400,374.8800,374.9400,47.6349,73741600,0.0000
2011-11-11,399.9100,408.0000,380.2600,384.6200,48.8647,93855000,0.0000
2011-11-04,402.4200,409.3300,393.2200,400.2400,50.8491,71009200,0.0000
2011-10-28,396.1800,409.0000,393.1510,404.9500,51.4475,78799200,0.0000
2011-10-21,421.7400,426.7000,390.7500,392.8700,49.9128,137222200,0.0000
2011-10-14,379.0900,422.0000,378.2100,422.0000,53.6137,95358600,0.0000
2011-10-07,380.3700,384.7800,354.2400,369.8000,46.9818,144188800,0.0000
2011-09-30,399.8600,409.2500,381.1800,381.3200,48.4454,109776400,0.0000
2011-09-23,397.0000,422.8600,395.2045,404.3000,51.3650,132869600,0.0000
2011-09-16,375.8900,400.5030,371.9000,400.5000,50.8822,91408900,0.0000
2011-09-09,367.3700,388.6100,366.4800,377.4800,47.9576,65758800,0.0000
2011-09-02,388.1800,392.0800,371.8300,374.0500,47.5218,76015800,0.0000
2011-08-26,364.5100,383.8000,355.0900,383.5800,48.7325,118972900,0.0000
2011-08-19,379.6300,384.9700,356.0000,356.0300,45.2324,108167100,0.0000
2011-08-12,361.6900,379.6400,353.0200,376.9900,47.8953,156286400,0.0000
2011-08-05,397.7800,399.5000,362.5700,373.6200,47.4672,145031500,0.0000
2011-07-29,390.3500,404.5000,384.0000,390.4800,49.6092,105440400,0.0000
2011-07-22,365.4300,396.2700,365.2800,393.3000,49.9674,120585800,0.0000
2011-07-15,356.3400,365.0000,348.6200,364.9200,46.3619,78604400,0.0000
2011-07-08,343.0000,360.0000,342.5000,359.7100,45.6999,60320600,0.0000
2011-07-01,327.5900,343.5000,327.2500,343.2600,43.6100,62318800,0.0000
2011-06-24,317.3550,333.1500,310.5000,326.3500,41.4617,90149200,0.0000
2011-06-17,327.2000,333.2500,318.3300,320.2600,40.6880,78173200,0.0000
2011-06-10,344.8400,347.0500,325.5100,325.9000,41.4045,72660500,0.0000
2011-06-03,341.1000,352.1320,341.0000,343.4400,43.6329,58016800,0.0000
2011-05-27,329.9700,338.5600,329.4200,337.4100,42.8668,50925400,0.0000
2011-05-20,339.2000,342.4140,330.7300,335.2200,42.5886,65572300,0.0000
2011-05-13,347.8600,350.0000,340.3500,340.5000,43.2594,52534100,0.0000
2011-05-06,349.7400,351.8300,345.5000,346.6600,44.0420,62907700,0.0000
2011-04-29,350.3400,354.9900,345.5200,350.1300,44.4828,83173700,0.0000
2011-04-21,326.1000,355.1300,320.1600,350.6960,44.5547,88705500,0.0000
2011-04-15,334.0600,336.1400,326.8000,327.4600,41.6027,68793300,0.0000
2011-04-08,344.3100,344.6000,333.9500,335.0600,42.5682,74869200,0.0000
2011-04-01,353.1500,354.3200,343.3000,344.5600,43.7752,60155100,0.0000
2011-03-25,335.9900,352.0600,335.2600,351.5400,44.6620,70069400,0.0000
2011-03-18,353.1800,356.4844,326.2600,330.6700,42.0105,133274500,0.0000
2011-03-11,361.4000,361.6700,344.9000,351.9900,44.7191,83370200,0.0000
2011-03-04,351.2400,360.2900,347.6810,360.0000,45.7368,86280600,0.0000
2011-02-25,342.1500,348.4300,337.7200,348.1600,44.2326,86583200,0.0000
2011-02-18,356.7900,364.9000,349.5200,350.5600,44.5375,86513900,0.0000
2011-02-11,347.8900,360.0000,347.6400,356.8500,45.3366,94461800,0.0000
2011-02-04,335.8000,346.7000,334.3000,346.5000,44.0217,63516900,0.0000
2011-01-28,326.8700,345.6000,326.7200,336.1000,42.7004,89482500,0.0000
2011-01-21,329.5200,348.6000,326.0000,326.7200,41.5087,161992900,0.0000
2011-01-14,338.8300,348.4800,337.1700,348.4800,44.2732,64317100,0.0000
2011-01-07,325.6400,336.3500,324.8365,336.1200,42.7029,57932100,0.0000
2010-12-31,322.8519,326.6600,321.3100,322.5600,40.9802,33567200,0.0000
2010-12-23,321.6000,325.7200,318.2300,323.6000,41.1123,40394400,0.0000
2010-12-17,324.3700,325.0600,319.0000,320.6100,40.7324,68467700,0.0000
2010-12-10,318.6400,323.9900,317.1100,320.5600,40.7261,61376200,0.0000
2010-12-03,315.5000,319.0000,310.8700,317.4400,40.3297,79083000,0.0000
2010-11-26,306.6800,317.6999,305.8700,315.0000,40.0197,55851200,0.0000
2010-11-19,308.4600,310.5400,297.7600,306.7300,38.9690,86430000,0.0000
2010-11-12,317.2000,321.3000,303.6300,308.0300,39.1342,78809300,0.0000
2010-11-05,302.2200,320.1800,302.2000,317.1300,40.2903,84639600,0.0000
2010-10-29,309.0900,311.6000,300.8700,300.9800,38.2385,77355600,0.0000
2010-10-22,318.4700,319.0000,300.0200,307.4700,39.0630,141844900,0.0000
2010-10-15,294.7400,315.0000,292.4900,314.7400,39.9867,106210000,0.0000
2010-10-08,281.6000,294.5000,277.7700,294.0700,37.3606,95533600,0.0000
2010-10-01,293.9750,294.7300,275.0000,282.5200,35.8932,111037700,0.0000
2010-09-24,276.0800,293.5300,275.8500,292.3200,37.1383,119558800,0.0000
2010-09-17,265.8200,277.9600,265.5200,275.3700,34.9848,89745700,0.0000
2010-09-10,256.6400,266.5200,256.2500,263.4100,33.4654,60543800,0.0000
2010-09-03,240.7600,258.7800,240.3500,258.7700,32.8759,87047500,0.0000
2010-08-27,251.7900,252.0000,235.5600,241.6200,30.6970,93870400,0.0000
2010-08-20,247.5800,254.6700,246.6200,249.6400,31.7159,67560800,0.0000
2010-08-13,261.4800,262.1500,246.1200,249.1000,31.6473,80889000,0.0000
2010-08-06,260.4400,264.2800,257.6300,260.0910,33.0437,71431400,0.0000
2010-07-30,260.0000,265.9900,254.9000,257.2500,32.6827,93475900,0.0000
2010-07-23,249.8800,265.1500,239.6000,259.9400,33.0245,159421700,0.0000
2010-07-16,258.5300,261.8500,246.4300,249.9000,31.7490,158234800,0.0000
2010-07-09,251.0000,262.9000,246.1600,259.6200,32.9838,87187800,0.0000
2010-07-02,266.9300,269.7500,243.2000,246.9400,31.3729,149088700,0.0000
2010-06-25,277.6900,279.0100,265.8100,266.7000,33.8833,125943900,0.0000
2010-06-18,255.9600,275.0000,254.0100,274.0740,34.8202,129613900,0.0000
2010-06-11,258.2900,259.1500,242.2000,253.5100,32.2076,145159200,0.0000
2010-06-04,259.6900,265.9400,254.6300,255.9650,32.5195,106194000,0.0000
2010-05-28,247.2800,259.4000,237.1600,256.8800,32.6357,147671300,0.0000
2010-05-21,254.7000,258.5500,231.3500,242.3200,30.7859,181358800,0.0000
2010-05-14,250.2500,265.0000,248.5300,253.8200,32.2470,137381000,0.0000
2010-05-07,263.8400,267.8800,225.2100,235.8600,29.9652,179398000,0.0000
2010-04-30,271.8800,272.4600,256.4100,261.0900,33.1706,108861400,0.0000
2010-04-23,247.0300,272.1800,241.7700,270.8300,34.4080,138500800,0.0000
2010-04-16,242.2000,251.1400,241.1100,247.4000,31.4313,77523000,0.0000
2010-04-09,234.9750,241.9200,234.7700,241.7900,30.7186,95257100,0.0000
2010-04-01,233.0000,238.7300,231.6200,235.9700,29.9792,75066400,0.0000
2010-03-26,220.4700,231.9500,220.1500,230.9000,29.3351,101421100,0.0000
2010-03-19,225.3800,226.4500,220.2500,222.2499,28.2361,81890100,0.0000
2010-03-12,220.0100,227.7300,217.8900,226.6000,28.7888,98871100,0.0000
2010-03-05,205.7500,219.7000,205.4500,218.9500,27.8169,98369800,0.0000
2010-02-26,202.3400,205.1700,195.7100,204.6200,25.9963,92814700,0.0000
2010-02-19,201.9400,204.3100,200.8600,201.6700,25.6215,64943900,0.0000
2010-02-12,195.6900,201.6400,194.0000,200.3800,25.4576,95976200,0.0000
2010-02-05,192.3700,200.2000,190.8500,195.4600,24.8325,131125200,0.0000
2010-01-29,202.5100,213.7100,190.2500,192.0630,24.4010,252672600,0.0000
2010-01-22,208.3300,215.5500,197.1600,197.7500,25.1235,101145800,0.0000
2010-01-15,212.8000,213.0000,204.1000,205.9300,26.1627,96055100,0.0000
2010-01-08,213.4300,215.5900,209.0500,211.9800,26.9313,91876300,0.0000
2009-12-31,211.7200,213.9500,208.3100,210.7320,26.7728,66223800,0.0000
2009-12-24,196.0500,209.3500,195.6700,209.0400,26.5578,64565600,0.0000
2009-12-18,195.3700,197.5100,191.0000,195.4300,24.8287,80923000,0.0000
2009-12-11,193.3200,199.7000,188.6800,194.6700,24.7322,107478000,0.0000
2009-12-04,201.1100,202.7700,190.2800,193.3200,24.5607,102910200,0.0000
2009-11-27,203.0000,206.0000,198.3700,200.5900,25.4843,49108800,0.0000
2009-11-20,205.4800,208.0000,197.7600,199.9200,25.3992,78751200,0.0000
2009-11-13,196.9400,205.0000,196.2600,204.4500,25.9747,74317600,0.0000
2009-11-06,189.8000,195.1900,185.5700,194.3400,24.6902,84605500,0.0000
2009-10-30,203.6700,206.7500,186.0667,188.5000,23.9483,119538300,0.0000
2009-10-23,187.8500,208.7099,185.5500,203.9400,25.9099,160327700,0.0000
2009-10-16,191.0200,192.3200,187.8400,188.0500,23.8911,64876400,0.0000
2009-10-09,186.2000,191.4500,184.2701,190.4700,24.1986,79477500,0.0000
2009-10-02,183.8700,187.4000,180.7000,184.9000,23.4909,82158400,0.0000
2009-09-25,184.2900,188.9000,181.4400,182.3700,23.1695,85148300,0.0000
2009-09-18,170.8300,186.7900,170.2500,185.0200,23.5062,104095000,0.0000
2009-09-11,172.9800,174.4700,169.7000,172.1600,21.8723,70222500,0.0000
2009-09-04,168.1600,170.7000,164.1100,170.3100,21.6373,64757100,0.0000
2009-08-28,170.1200,172.4900,164.8300,170.0500,21.6043,69220200,0.0000
2009-08-21,163.5500,169.3700,159.4200,169.2200,21.4988,75961100,0.0000
2009-08-14,165.6600,168.6700,161.8800,166.7800,21.1888,65946600,0.0000
2009-08-07,165.2100,167.3900,163.0900,165.5100,21.0275,69364500,0.0000
2009-07-31,160.1700,165.0000,157.2600,163.3900,20.7581,73970200,0.0000
2009-07-24,153.2700,160.0000,149.7500,159.9860,20.3257,123204900,0.0000
2009-07-17,139.5400,152.0200,137.5300,151.7500,19.2793,82573600,0.0000
2009-07-10,138.7000,139.6800,134.4200,138.5200,17.5985,83018400,0.0000
2009-07-02,143.4600,144.6600,139.7900,140.0200,17.7891,63803500,0.0000
2009-06-26,140.6700,143.5600,132.8800,142.4400,18.0965,101993000,0.0000
2009-06-19,136.0100,139.5000,134.5300,139.4800,17.7205,99125200,0.0000
2009-06-12,143.8200,144.5600,136.0400,136.9700,17.4016,120898200,0.0000
2009-06-05,136.4700,146.4000,136.0000,144.6700,18.3798,94902600,0.0000
2009-05-29,124.7600,135.9000,124.5500,135.8100,17.2542,79551300,0.0000
2009-05-22,123.7300,129.3100,121.5700,122.5000,15.5632,68778300,0.0000
2009-05-15,127.3700,130.9600,119.3800,122.4200,15.5530,86625200,0.0000
2009-05-08,128.2400,133.5000,126.2600,129.1900,16.4132,88603300,0.0000
2009-05-01,122.9000,127.9500,122.6600,127.2400,16.1654,81809400,0.0000
2009-04-24,121.7300,127.2000,118.6000,123.9000,15.7411,120065700,0.0000
2009-04-17,120.0100,124.2500,115.7600,123.4200,15.6801,83845800,0.0000
2009-04-09,114.9400,120.0000,113.2800,119.5700,15.1910,77894000,0.0000
2009-04-03,104.5100,116.1300,102.6100,115.9900,14.7361,111102000,0.0000
2009-03-27,102.7100,109.9800,101.7500,106.8500,13.5749,109384000,0.0000
2009-03-20,96.4500,103.4800,94.1800,101.5900,12.9067,127703400,0.0000
2009-03-13,84.1200,97.2000,82.5700,95.9300,12.1876,134234100,0.0000
2009-03-06,89.3100,92.7700,82.3300,85.3000,10.8371,141240000,0.0000
2009-02-27,91.6000,92.9200,86.5100,89.3100,11.3465,134416700,0.0000
2009-02-20,96.7900,97.0400,89.0000,91.2000,11.5867,108433500,0.0000
2009-02-13,101.1650,103.0000,95.7700,99.1600,12.5979,130900400,0.0000
2009-02-06,89.1000,100.0000,88.9000,99.7200,12.6691,121515500,0.0000
2009-01-30,88.8800,95.0000,88.3000,90.1300,11.4507,121996100,0.0000
2009-01-23,81.9300,90.0000,78.2000,88.3600,11.2258,149374400,0.0000
2009-01-16,90.4600,90.9900,80.0500,82.3300,10.4597,189894200,0.0000
2009-01-09,93.1700,97.1700,90.0400,90.5800,11.5079,158725500,0.0000
2009-01-02,86.5200,91.0400,84.7200,90.7500,11.5295,107398500,0.0000
2008-12-26,90.0200,90.0300,84.5500,85.8100,10.9019,73551100,0.0000
2008-12-19,95.9900,96.4800,88.0200,90.0000,11.4342,176373600,0.0000
2008-12-12,97.2800,103.6000,92.5300,98.2700,12.4849,193159900,0.0000
2008-12-05,91.3000,96.2300,86.5000,94.0000,11.9424,198083400,0.0000
2008-11-28,85.2100,95.2500,84.8400,92.6700,11.7734,138398600,0.0000
2008-11-21,88.4800,91.5800,79.1400,82.5800,10.4915,243936000,0.0000
2008-11-14,100.1700,100.4000,86.0200,90.2400,11.4647,242381800,0.0000
2008-11-07,105.9300,111.7900,95.7200,98.2400,12.4811,218835800,0.0000
2008-10-31,95.0700,112.1900,91.8600,107.5900,13.6689,288990300,0.0000
2008-10-24,99.7800,101.2500,90.1100,96.3800,12.2448,330611700,0.0000
2008-10-17,104.5500,116.4000,85.8850,97.4000,12.3743,315964100,0.0000
2008-10-10,91.9600,101.5000,85.0000,96.8000,12.2981,358236200,0.0000
2008-10-03,119.6200,119.6800,94.6500,97.0700,12.3324,337463800,0.0000
2008-09-26,139.9400,140.2500,123.0000,128.2400,16.2925,189878200,0.0000
2008-09-19,142.0300,147.6900,120.6800,140.9100,17.9021,229573400,0.0000
2008-09-12,164.5700,164.8900,146.0000,148.9400,18.9223,179582500,0.0000
2008-09-05,172.4000,173.5000,157.6500,160.1800,20.3503,108781000,0.0000
2008-08-29,176.1500,176.2500,169.0401,169.5300,21.5382,87086800,0.0000
2008-08-22,175.5700,177.8100,171.8100,176.7900,22.4606,94804500,0.0000
2008-08-15,170.0700,180.4500,169.6700,175.7400,22.3272,142481500,0.0000
2008-08-08,156.5800,169.6500,152.9100,169.5500,21.5408,123524200,0.0000
2008-08-01,162.1800,162.4700,153.6500,156.6600,19.9031,120432300,0.0000
2008-07-25,166.9000,168.3700,146.5300,162.1200,20.5968,206253100,0.0000
2008-07-18,175.3700,179.3000,165.0000,165.1500,20.9818,153565300,0.0000
2008-07-11,173.0000,180.9100,171.0000,172.5800,21.9257,156257800,0.0000
2008-07-03,170.0400,177.4500,164.0000,170.1200,21.6132,112727100,0.0000
2008-06-27,174.7800,178.8300,164.1500,170.0900,21.6094,136572800,0.0000
2008-06-20,171.2500,182.3400,169.0700,175.2700,22.2675,158684700,0.0000
2008-06-13,184.9200,186.7800,165.3100,172.3700,21.8990,237327700,0.0000
2008-06-06,188.5000,189.9500,182.3354,185.6400,23.5849,138543300,0.0000
2008-05-30,182.8000,189.5400,181.8400,188.7500,23.9801,99687700,0.0000
2008-05-23,187.9000,188.6900,172.0000,181.1700,23.0170,185249300,0.0000
2008-05-16,185.1200,192.2400,182.8500,187.6201,23.8365,149914300,0.0000
2008-05-09,181.8100,188.2000,180.5400,183.4500,23.3067,160811400,0.0000
2008-05-02,169.7400,181.9200,169.1300,180.9400,22.9878,169995500,0.0000
2008-04-25,162.3500,171.1000,158.0900,169.7300,21.5636,238266300,0.0000
2008-04-18,146.7700,162.2600,144.5400,161.0400,20.4596,145354700,0.0000
2008-04-11,156.1300,159.6900,146.4000,147.1400,18.6936,186137800,0.0000
2008-04-04,143.2700,154.7150,142.5200,153.0800,19.4483,169699500,0.0000
2008-03-28,134.0100,145.7400,133.6400,143.0100,18.1689,179137000,0.0000
2008-03-20,122.5500,134.2900,122.5500,133.2700,16.9315,149894400,0.0000
2008-03-14,121.9800,130.3000,119.3700,126.6100,16.0854,201496600,0.0000
2008-03-07,124.4400,127.5000,118.0000,122.2500,15.5315,260872300,0.0000
2008-02-29,118.5900,132.2000,115.4400,125.0200,15.8834,253947700,0.0000
2008-02-22,125.9900,126.7500,115.8700,119.4600,15.1770,158588500,0.0000
2008-02-15,128.0100,131.0000,123.6200,124.6300,15.8338,187548000,0.0000
2008-02-08,134.2100,135.9000,117.2700,125.4800,15.9418,251887600,0.0000
2008-02-01,128.1600,136.6500,126.4500,133.7500,16.9925,220510600,0.0000
2008-01-25,148.0600,159.9800,126.1400,130.0100,16.5173,334583200,0.0000
2008-01-18,177.5200,179.4200,156.7000,161.3600,20.5002,326420600,0.0000
2008-01-11,181.2500,183.6000,168.3000,172.6900,21.9397,290184000,0.0000
2008-01-04,199.5000,200.5000,178.8900,180.0500,22.8747,139871800,0.0000
2007-12-28,195.0300,202.9600,194.7900,199.8300,25.3877,95682500,0.0000
2007-12-21,190.7200,193.9125,178.6000,193.9100,24.6356,172956900,0.0000
2007-12-14,193.5900,200.0000,185.7600,190.3900,24.1884,164210500,0.0000
2007-12-07,181.8600,194.9900,176.9900,194.3000,24.6852,164055300,0.0000
2007-11-30,173.5900,187.7000,170.0100,182.2200,23.1504,214729500,0.0000
2007-11-23,166.1000,172.3500,162.1000,171.5400,21.7936,156487100,0.0000
2007-11-16,165.2800,177.5700,150.6300,166.3900,21.1393,279592300,0.0000
2007-11-09,185.2900,192.6800,165.2100,165.3700,21.0097,220356800,0.0000
2007-11-02,185.7000,190.1200,180.0000,187.8700,23.8683,147158200,0.0000
2007-10-26,170.3500,188.6000,169.9601,184.7000,23.4655,229058000,0.0000
2007-10-19,167.9800,174.6300,163.5000,170.4200,21.6513,192458200,0.0000
2007-10-12,163.4900,171.1100,153.2500,167.2537,21.2490,156266845,0.0000
2007-10-05,154.6300,161.5800,152.9300,161.4499,20.5117,140074500,0.0000
2007-09-28,146.7300,155.0000,146.6500,153.4700,19.4978,160474300,0.0000
2007-09-21,138.9900,144.6500,137.6000,144.1500,18.3138,168395100,0.0000
2007-09-14,137.0000,139.4000,133.7500,138.8100,17.6353,169499200,0.0000
2007-09-07,139.9400,145.8400,130.0000,131.7700,16.7409,249175100,0.0000
2007-08-31,133.3907,139.6500,126.6300,138.4800,17.5934,191647700,0.0000
2007-08-24,123.9600,135.3700,120.5000,135.3000,17.1894,176671500,0.0000
2007-08-17,128.3300,129.3500,111.6200,122.0600,15.5073,198090100,0.0000
2007-08-10,132.9000,137.2400,120.3000,125.0000,15.8808,186405300,0.0000
2007-08-03,144.3300,145.4500,127.7700,131.8499,16.7511,219691800,0.0000
2007-07-27,143.3100,148.9200,134.1500,143.8500,18.2757,274131900,0.0000
2007-07-20,138.3900,144.1800,136.0400,143.7500,18.2630,153699800,0.0000
2007-07-13,132.3800,137.8500,128.8100,137.7300,17.4981,167314800,0.0000
2007-07-06,121.0500,133.3400,119.3000,132.3000,16.8083,160181800,0.0000
2007-06-29,124.1900,125.0900,118.7200,122.0400,15.5048,187896100,0.0000
2007-06-22,123.2800,125.1800,120.7200,123.0000,15.6267,151788000,0.0000
2007-06-15,126.0000,126.1500,115.4000,120.5000,15.3091,243095100,0.0000
2007-06-08,118.6300,127.6100,117.9000,124.4900,15.8160,217016500,0.0000
2007-06-01,114.4500,122.1700,112.6900,118.4000,15.0423,153802400,0.0000
2007-05-25,110.3100,115.0000,110.0500,113.6200,14.4350,130142800,0.0000
2007-05-18,109.6200,110.6400,103.4200,110.0200,13.9777,146066600,0.0000
2007-05-11,101.0800,109.1300,101.0100,108.7400,13.8151,150509500,0.0000
2007-05-04,100.0900,101.6000,98.5500,100.8100,12.8076,93294400,0.0000
2007-04-27,91.5850,102.5000,91.3000,99.9200,12.6945,194995300,0.0000
2007-04-20,90.5700,92.3000,89.6000,90.9700,11.5574,99060400,0.0000
2007-04-13,95.2100,95.3000,90.0599,90.2400,11.4647,96123000,0.0000
2007-04-05,94.1400,95.2300,93.0200,94.6800,12.0288,68508100,0.0000
2007-03-30,93.9900,96.8300,92.2300,92.9100,11.8039,145202100,0.0000
2007-03-23,90.2400,94.3600,89.5900,93.5200,11.8814,103612500,0.0000
2007-03-16,88.0700,90.6000,87.9200,89.5900,11.3821,125896000,0.0000
2007-03-09,85.8900,88.9700,85.7600,87.9700,11.1763,112543500,0.0000
2007-03-02,89.8400,90.0000,83.0000,85.4100,10.8511,177023800,0.0000
2007-02-23,84.6500,90.8100,84.1600,89.0700,11.3160,111754800,0.0000
2007-02-16,84.4300,85.6400,83.6300,84.8300,10.7774,92020300,0.0000
2007-02-09,84.3000,86.5100,82.8600,83.2700,10.5792,144630100,0.0000
2007-02-02,86.3000,86.6500,83.7000,84.7500,10.7672,129342000,0.0000
2007-01-26,89.1400,89.1600,84.9900,85.3800,10.8472,195789700,0.0000
2007-01-19,95.6800,97.6000,88.1200,88.5000,11.2436,236407700,0.0000
2007-01-12,85.9600,97.8000,85.1500,94.6200,12.0212,351865300,0.0000
2007-01-05,86.2900,86.5800,81.9000,85.0500,10.8053,104297200,0.0000
2006-12-29,82.1500,85.4000,76.7700,84.8400,10.7786,165098200,0.0000
2006-12-22,87.6250,88.0000,81.6000,82.2000,10.4432,132770600,0.0000
2006-12-15,88.9000,90.0000,85.5300,87.7200,11.1445,141275800,0.0000
2006-12-08,91.8800,92.3300,86.9000,88.2600,11.2131,135702300,0.0000
2006-12-01,92.5100,93.1590,89.5000,91.3200,11.6019,176202100,0.0000
2006-11-24,85.4000,93.0800,85.2000,91.6300,11.6413,85145700,0.0000
2006-11-17,83.2200,86.3000,82.6400,85.8500,10.9070,101975600,0.0000
2006-11-10,78.9500,84.6900,78.4300,83.1200,10.5601,105298000,0.0000
2006-11-03,79.9850,81.6800,77.7900,78.2900,9.9465,89641300,0.0000
2006-10-27,79.9900,82.6000,79.7500,80.4100,10.2158,100309200,0.0000
2006-10-20,75.1900,79.9900,73.9100,79.9500,10.1574,152711300,0.0000
2006-10-13,73.8000,76.8800,72.6000,75.0200,9.5310,100668500,0.0000
2006-10-06,75.1000,76.1600,73.1600,74.2200,9.4294,124402600,0.0000
2006-09-29,73.8100,77.7800,73.7200,76.9800,9.7800,139347700,0.0000
2006-09-22,73.8000,76.0600,72.5800,73.0000,9.2744,132048400,0.0000
2006-09-15,72.4300,74.9800,71.4200,74.1000,9.4142,198697600,0.0000
2006-09-08,68.9700,73.5700,68.5500,72.5200,9.2134,148230000,0.0000
2006-09-01,68.5000,68.6500,65.1200,68.3800,8.6874,119601000,0.0000
2006-08-25,67.3000,69.0500,66.1500,68.7500,8.7345,101378700,0.0000
2006-08-18,64.0500,68.6600,63.6000,67.9100,8.6277,124205700,0.0000
2006-08-11,67.7200,69.6000,62.5800,63.6500,8.0865,166946600,0.0000
2006-08-04,66.8300,70.0000,64.9600,68.3000,8.6773,173188800,0.0000
2006-07-28,61.2600,65.6800,60.4300,65.5900,8.3330,129889500,0.0000
2006-07-21,51.7300,61.5900,51.6500,60.7200,7.7143,224277600,0.0000
2006-07-14,55.7000,56.4900,50.1600,50.6700,6.4375,161594300,0.0000
2006-07-07,57.5200,58.1800,54.6700,55.4000,7.0384,76627900,0.0000
2006-06-30,59.1700,59.2200,55.4100,57.2700,7.2760,124319500,0.0000
2006-06-23,57.8300,60.1700,57.0000,58.8300,7.4742,138095800,0.0000
2006-06-16,58.8300,59.7400,56.6900,57.5600,7.3128,168037500,0.0000
2006-06-09,61.1500,61.5600,57.1500,59.5200,7.5618,151987500,0.0000
2006-06-02,63.2900,63.3000,58.6900,61.6600,7.8337,124024100,0.0000
2006-05-26,63.8700,65.1900,61.5600,63.5490,8.0737,115205100,0.0000
2006-05-19,67.3700,68.3800,62.8200,64.5100,8.1958,138015000,0.0000
2006-05-12,72.9900,73.8000,66.8600,67.7000,8.6011,108602500,0.0000
2006-05-05,70.7800,72.8900,69.1600,71.8900,9.1334,129763100,0.0000
2006-04-28,66.9200,71.3000,65.5000,70.3900,8.9428,126891500,0.0000
2006-04-21,66.5100,70.0000,64.3500,67.0400,8.5172,180670900,0.0000
2006-04-13,70.2400,70.9300,65.8100,66.4690,8.4447,118478700,0.0000
2006-04-07,63.6600,72.0500,61.0500,69.7900,8.8666,292504700,0.0000
2006-03-31,60.2300,63.6100,57.6700,62.7200,7.9684,251115600,0.0000
2006-03-24,65.2100,65.4600,59.0300,59.9600,7.6177,207018200,0.0000
2006-03-17,65.6100,68.0400,64.1100,64.6600,8.2148,141317300,0.0000
2006-03-10,67.6000,67.7200,62.4500,63.1900,8.0281,152901500,0.0000
2006-03-03,72.0200,72.4000,67.5300,67.7200,8.6036,149463600,0.0000
2006-02-24,70.6300,73.0000,68.0000,71.4600,9.0788,112482400,0.0000
2006-02-17,66.5200,71.0100,64.6400,70.2900,8.9301,168870800,0.0000
2006-02-10,72.1600,72.5100,62.9000,67.3100,8.5515,246569800,0.0000
2006-02-03,71.2800,76.6000,70.8700,71.8470,9.1279,151163400,0.0000
2006-01-27,76.1000,79.5600,71.1000,72.0300,9.1512,200465100,0.0000
2006-01-20,85.7000,86.3800,75.8300,76.0890,9.6669,173816700,0.0000
2006-01-13,76.7300,86.4000,75.7400,85.5899,10.8739,232350700,0.0000
2006-01-06,72.3320,76.7000,72.2500,76.3000,9.6937,92168500,0.0000
2005-12-30,74.0000,75.1800,70.3400,71.8900,9.1334,75106900,0.0000
2005-12-23,71.1100,74.4900,71.0400,73.3500,9.3189,74450300,0.0000
2005-12-16,74.8700,75.4600,70.2700,71.1100,9.0343,132209300,0.0000
2005-12-09,71.9500,74.8300,71.4900,74.3305,9.4434,123787400,0.0000
2005-12-02,70.7200,72.7400,67.3500,72.6300,9.2274,150510100,0.0000
2005-11-25,64.8200,69.5400,63.7200,69.3400,8.8094,69030700,0.0000
2005-11-18,61.5400,65.8800,60.9100,64.5600,8.2021,103302000,0.0000
2005-11-11,60.8500,62.1100,59.0100,61.5400,7.8184,98440000,0.0000
2005-11-04,55.2000,62.3200,54.7500,61.1500,7.7689,153928900,0.0000
2005-10-28,55.2500,57.5600,54.1700,54.4700,6.9202,103135800,0.0000
2005-10-21,53.9800,56.9800,51.2100,55.6600,7.0714,156771200,0.0000
2005-10-14,51.8400,54.3500,47.8700,54.0000,6.8605,261857300,0.0000
2005-10-07,54.1600,55.3500,50.5500,51.3000,6.5175,110471500,0.0000
2005-09-30,54.0300,54.5600,50.5900,53.6100,6.8110,113653200,0.0000
2005-09-23,51.0500,53.8100,51.0500,53.2000,6.7589,109303300,0.0000
2005-09-16,51.1000,51.6300,49.3300,51.2100,6.5061,86652400,0.0000
2005-09-09,46.6900,51.3500,46.5500,51.3100,6.5188,110713400,0.0000
2005-09-02,45.2700,47.1700,45.2600,46.2200,5.8721,62741400,0.0000
2005-08-26,46.1500,47.1200,45.2600,45.7400,5.8111,64025700,0.0000
2005-08-19,46.4800,48.3300,45.7500,45.8300,5.8225,105114400,0.0000
2005-08-12,43.0000,46.2200,42.6100,46.1000,5.8568,75221000,0.0000
2005-08-05,42.6000,43.5000,42.0200,42.9900,5.4617,49310100,0.0000
2005-07-29,43.9900,44.3800,42.2600,42.6500,5.4185,59298600,0.0000
2005-07-22,41.4100,44.0400,41.0700,44.0000,5.5901,86290200,0.0000
2005-07-15,38.3700,42.0100,37.7800,41.5500,5.2788,151585900,0.0000
2005-07-08,36.6000,38.2800,36.5000,38.2500,4.8595,54405500,0.0000
2005-07-01,36.8400,38.1000,36.1200,36.5000,4.6372,73829300,0.0000
2005-06-24,37.8500,39.7800,37.3800,37.7600,4.7973,78719000,0.0000
2005-06-17,35.8900,38.5400,35.7500,38.3100,4.8672,88955800,0.0000
2005-06-10,38.3300,38.6300,35.5200,35.8100,4.5495,108229500,0.0000
2005-06-03,40.6600,40.7600,37.7700,38.2400,4.8583,78173600,0.0000
2005-05-27,37.8500,40.9400,37.8500,40.5600,5.1530,102627500,0.0000
2005-05-20,34.5600,37.6800,34.5300,37.5500,4.7706,105184800,0.0000
2005-05-13,37.2400,37.4500,33.1100,34.7700,4.4174,161103400,0.0000
2005-05-06,36.2100,37.3300,36.0200,37.2400,4.7312,75873200,0.0000
2005-04-29,36.4900,37.5100,35.2200,36.0600,4.5813,122056900,0.0000
2005-04-22,35.0300,37.7400,34.0000,35.5000,4.5102,176881200,0.0000
2005-04-15,44.2200,44.2500,35.2800,35.3500,4.4911,273426800,0.0000
2005-04-08,40.9900,44.4500,40.1600,43.7400,5.5570,96714900,0.0000
2005-04-01,42.7500,42.9600,40.5700,40.8900,5.1949,86040900,0.0000
2005-03-24,43.2900,43.9700,42.0200,42.5000,5.3995,73395400,0.0000
2005-03-18,40.5200,43.4400,39.5200,42.9600,5.4579,126924200,0.0000
2005-03-11,42.8000,43.2500,38.8300,40.2700,5.1162,150160300,0.0000
2005-03-04,44.6800,45.1400,41.2200,42.8100,5.4389,122158100,0.0000
2005-02-25,86.3000,89.9100,85.2900,88.9900,5.6529,89268100,0.0000
2005-02-18,83.1600,90.8800,82.0500,86.8100,5.5145,141154500,0.0000
2005-02-11,78.9300,81.9900,76.6600,81.2100,5.1587,87500100,0.0000
2005-02-04,74.5800,79.9100,74.5100,78.8400,5.0082,83477900,0.0000
2005-01-28,70.9800,73.9800,70.5500,73.9800,4.6995,68717800,0.0000
2005-01-21,69.7400,71.6000,69.2100,70.4900,4.4778,64010900,0.0000
2005-01-14,69.9000,74.4200,63.3000,70.2000,4.4593,199858900,0.0000
2005-01-07,64.7800,69.6300,62.6000,69.2500,4.3990,96468600,0.0000
2004-12-31,64.6400,65.1500,62.0500,64.4000,4.0909,40084600,0.0000
2004-12-23,65.4800,66.0000,61.6000,64.0100,4.0661,54362500,0.0000
2004-12-17,65.7400,67.5000,64.6000,64.9900,4.1284,55691700,0.0000
2004-12-10,64.3100,66.7300,62.0500,65.1500,4.1385,80607100,0.0000
2004-12-03,69.0000,69.5700,61.7500,62.6800,3.9816,103005000,0.0000
2004-11-26,58.0400,65.7600,57.9000,64.5500,4.1004,96796300,0.0000
2004-11-19,55.0800,56.9100,54.2200,55.1700,3.5046,40952300,0.0000
2004-11-12,54.5300,55.6900,53.3800,55.5000,3.5255,41327900,0.0000
2004-11-05,52.5000,56.1100,52.0400,54.7200,3.4760,83390800,0.0000
2004-10-29,47.1900,53.2000,46.9700,52.4000,3.3286,68839000,0.0000
2004-10-22,44.7900,48.3500,44.7000,47.4100,3.0116,68132600,0.0000
2004-10-15,38.8000,45.7500,37.6500,45.5000,2.8903,102618300,0.0000
2004-10-08,39.0100,40.9300,38.4000,39.0600,2.4812,39498700,0.0000
2004-10-01,36.9700,39.2700,36.8300,38.6700,2.4564,34189800,0.0000
2004-09-24,36.9000,38.8700,36.8100,37.2900,2.3688,32147000,0.0000
2004-09-17,35.8600,37.3800,34.7800,37.1400,2.3593,31673100,0.0000
2004-09-10,35.4000,36.5700,35.2300,35.8700,2.2786,25622100,0.0000
2004-09-03,34.0200,35.9900,33.9600,35.2300,2.2379,32325400,0.0000
2004-08-27,30.8600,35.1800,30.6000,34.3500,2.1820,44269400,0.0000
2004-08-20,30.8800,31.8600,30.3500,30.8000,1.9565,32661600,0.0000
2004-08-13,29.8500,31.5400,29.8100,30.8400,1.9591,27116500,0.0000
2004-08-06,31.1800,32.3000,29.7000,29.7800,1.8917,28392900,0.0000
2004-07-30,30.8500,33.0000,30.7800,32.3400,2.0543,28020900,0.0000
2004-07-23,32.0500,32.7100,30.4800,30.7000,1.9502,31533300,0.0000
2004-07-16,30.0100,33.6300,28.7400,32.2000,2.0455,69994700,0.0000
2004-07-09,31.2700,31.4200,29.9500,30.0300,1.9076,21236000,0.0000
2004-07-02,33.9000,34.1900,29.7300,31.0800,1.9743,48880700,0.0000
2004-06-25,33.1000,33.8300,32.1200,33.7000,2.1407,30670300,0.0000
2004-06-18,30.6500,33.4090,29.5000,32.9100,2.0906,45639900,0.0000
2004-06-10,29.0400,30.9700,28.8100,30.7400,1.9527,23540700,0.0000
2004-06-04,27.7900,29.2500,27.6100,28.7800,1.8282,20551600,0.0000
2004-05-28,27.2500,28.7800,27.1100,28.0600,1.7825,22490000,0.0000
2004-05-21,26.7000,27.5000,26.3600,27.1100,1.7221,22469500,0.0000
2004-05-14,26.2700,27.7200,25.9400,27.0600,1.7189,23004000,0.0000
2004-05-07,26.0000,27.5700,25.5000,26.6700,1.6942,26755700,0.0000
2004-04-30,27.5800,27.6350,25.4900,25.7800,1.6376,29883100,0.0000
2004-04-23,28.1200,28.7500,27.0500,27.7000,1.7596,36663600,0.0000
2004-04-16,27.5000,29.5800,26.3100,29.1800,1.8536,61983000,0.0000
2004-04-08,27.4800,28.3700,26.9200,27.5300,1.7488,20351800,0.0000
2004-04-02,27.4000,27.9900,26.6200,27.5000,1.7469,30249800,0.0000
2004-03-26,25.3700,27.3600,25.2200,27.0400,1.7177,39626800,0.0000
2004-03-19,27.0300,27.3500,25.3900,25.8600,1.6427,39790000,0.0000
2004-03-12,26.7900,28.1400,25.7500,27.5600,1.7507,54879900,0.0000
2004-03-05,24.0900,27.4900,23.6000,26.7400,1.6986,53648600,0.0000
2004-02-27,22.4500,24.0200,21.8899,23.9200,1.5195,24940300,0.0000
2004-02-20,23.1000,23.6400,22.2100,22.4000,1.4229,16308500,0.0000
2004-02-13,22.6200,24.1000,22.4400,23.0000,1.4610,23073500,0.0000
2004-02-06,22.4600,22.9100,21.7000,22.7100,1.4426,23571100,0.0000
2004-01-30,22.4600,23.3800,22.1900,22.5600,1.4331,22352500,0.0000
2004-01-23,22.6700,22.9700,22.1800,22.5600,1.4331,17406800,0.0000
2004-01-16,23.1600,24.8400,22.5000,22.7200,1.4432,56743500,0.0000
2004-01-09,21.4200,24.1300,21.4200,23.0000,1.4610,42482200,0.0000
2004-01-02,20.9100,21.7500,20.8600,21.2800,1.3518,13525100,0.0000
2003-12-26,19.6500,20.9100,19.2500,20.7800,1.3200,17263100,0.0000
2003-12-19,21.4900,21.4900,19.6200,19.7000,1.2514,32528600,0.0000
2003-12-12,20.7800,21.3400,19.9600,20.8900,1.3270,16616600,0.0000
2003-12-05,21.0400,21.9000,20.7300,20.8500,1.3245,20040100,0.0000
2003-11-28,20.5000,21.2700,20.2490,20.9100,1.3283,17351900,0.0000
2003-11-21,21.3500,21.3700,19.8500,20.2800,1.2883,23597500,0.0000
2003-11-14,22.4500,22.7200,21.2800,21.4600,1.3632,21413800,0.0000
2003-11-07,22.8300,23.3000,22.4500,22.5000,1.4293,26460100,0.0000
2003-10-31,22.7500,24.0000,22.4000,22.8900,1.4540,20705700,0.0000
2003-10-24,22.6000,23.4000,22.2300,22.6000,1.4356,17897500,0.0000
2003-10-17,23.7300,25.0110,22.4100,22.7500,1.4452,44658600,0.0000
2003-10-10,21.6700,23.8100,21.5800,23.6800,1.5042,29245700,0.0000
2003-10-03,21.4900,21.8600,20.1900,21.6900,1.3778,24837500,0.0000
2003-09-26,22.1800,22.5000,20.1490,20.6900,1.3143,27414100,0.0000
2003-09-19,22.8100,23.0500,21.8550,22.5800,1.4344,22216300,0.0000
2003-09-12,22.4800,23.1400,22.1000,23.1000,1.4674,17253200,0.0000
2003-09-05,22.6600,23.3200,22.4000,22.5000,1.4293,16979900,0.0000
2003-08-29,20.7800,22.8500,20.3500,22.6100,1.4363,19843300,0.0000
2003-08-22,19.8600,22.0000,19.7200,20.8800,1.3264,19736900,0.0000
2003-08-15,19.8200,20.3400,19.4600,19.7100,1.2520,16150200,0.0000
2003-08-08,20.5300,21.5000,19.4200,19.6400,1.2476,18518900,0.0000
2003-08-01,21.5000,21.5050,20.1700,20.7300,1.3168,17716800,0.0000
2003-07-25,20.6900,21.5700,20.2999,21.5400,1.3683,17342700,0.0000
2003-07-18,20.0100,21.1800,19.3800,20.8590,1.3250,30286300,0.0000
2003-07-11,19.2700,20.5000,19.1300,19.8500,1.2609,19008000,0.0000
2003-07-03,18.6800,19.5500,18.5100,19.1300,1.2152,15468100,0.0000
2003-06-27,19.3010,19.6900,18.4800,18.7300,1.1898,29983100,0.0000
2003-06-20,17.6000,19.6100,17.4500,19.2000,1.2196,28733000,0.0000
2003-06-13,16.9400,17.9500,16.6300,17.4200,1.1066,19741900,0.0000
2003-06-06,18.1000,18.2900,17.0200,17.1500,1.0894,26741700,0.0000
2003-05-30,17.9600,18.9000,17.5300,17.9500,1.1402,24041500,0.0000
2003-05-23,18.5300,18.6500,17.6000,18.3200,1.1637,27719600,0.0000
2003-05-16,18.1500,19.0000,17.9500,18.8000,1.1942,33005000,0.0000
2003-05-09,14.7700,18.4000,14.7500,18.3000,1.1625,96441100,0.0000
2003-05-02,13.4800,14.5900,13.4300,14.4500,0.9179,39592000,0.0000
2003-04-25,13.1300,13.6300,12.9800,13.3500,0.8480,21303500,0.0000
2003-04-17,13.7100,13.7500,12.7200,13.1200,0.8334,43560000,0.0000
2003-04-11,14.8500,14.9500,12.9300,13.2000,0.8385,35220200,0.0000
2003-04-04,14.3400,14.7000,14.0400,14.4100,0.9154,15609000,0.0000
2003-03-28,14.6700,14.8300,14.3000,14.5700,0.9255,13836400,0.0000
2003-03-21,14.8900,15.1500,14.6000,15.0000,0.9528,22006000,0.0000
2003-03-14,14.5100,15.0100,14.0600,14.7800,0.9389,17979800,0.0000
2003-03-07,15.0100,15.1600,14.3100,14.5300,0.9230,13530400,0.0000
2003-02-28,14.8600,15.0900,13.8000,15.0100,0.9535,16704100,0.0000
2003-02-21,14.7500,15.3000,14.6500,15.0000,0.9528,16304700,0.0000
2003-02-14,14.2600,14.7200,14.0600,14.6700,0.9319,18091900,0.0000
2003-02-07,14.4100,14.9300,14.0700,14.1500,0.8989,22369000,0.0000
2003-01-31,13.6800,15.0700,13.6500,14.3600,0.9122,32124800,0.0000
2003-01-24,14.2100,14.4100,13.5600,13.8000,0.8766,17898600,0.0000
2003-01-17,14.9000,14.9000,14.0800,14.1000,0.8957,27906500,0.0000
2003-01-10,15.0300,15.3800,14.4400,14.7200,0.9351,24158500,0.0000
2003-01-03,14.0800,14.9300,13.8400,14.9000,0.9465,12225900,0.0000
2002-12-27,14.1600,14.8100,14.0100,14.0600,0.8931,5904000,0.0000
2002-12-20,14.8100,15.1900,13.7800,14.1400,0.8982,23046500,0.0000
2002-12-13,14.9400,15.5500,14.6500,14.7900,0.9395,19862800,0.0000
2002-12-06,15.9000,16.1000,14.5000,14.9500,0.9497,25734400,0.0000
2002-11-29,16.0300,16.1400,15.2700,15.5000,0.9846,15534300,0.0000
2002-11-22,16.1900,16.4400,15.0100,16.0100,1.0170,21975200,0.0000
2002-11-15,15.7500,16.4100,15.1200,15.9500,1.0132,16271700,0.0000
2002-11-08,16.5000,17.3800,15.5200,15.8400,1.0062,23752600,0.0000
2002-11-01,15.5500,16.5000,14.9600,16.3600,1.0392,24371800,0.0000
2002-10-25,14.2600,15.4500,14.0000,15.4200,0.9795,19991500,0.0000
2002-10-18,14.5500,15.2500,13.9300,14.3400,0.9109,29734700,0.0000
2002-10-11,13.9700,14.7800,13.3600,14.5100,0.9217,29844300,0.0000
2002-10-04,14.4000,14.6300,14.0000,14.0300,0.8912,21753400,0.0000
2002-09-27,14.7600,15.1900,14.4000,14.7200,0.9351,21140200,0.0000
2002-09-20,14.1400,15.0900,14.1200,14.8700,0.9446,28607400,0.0000
2002-09-13,14.2800,14.6000,14.0500,14.1700,0.9001,20766200,0.0000
2002-09-06,14.4900,14.7800,14.0500,14.3800,0.9135,19738700,0.0000
2002-08-30,15.9500,15.9500,14.5100,14.7500,0.9370,18890400,0.0000
2002-08-23,15.7800,16.2500,15.4500,15.7300,0.9992,18342300,0.0000
2002-08-16,14.9000,16.1000,14.5400,15.8100,1.0043,25286100,0.0000
2002-08-09,14.5100,15.3800,13.9700,15.0000,0.9528,22189600,0.0000
2002-08-02,14.4800,15.5100,14.2500,14.4500,0.9179,24080600,0.0000
2002-07-26,14.7500,15.2200,13.8000,14.3400,0.9109,34365000,0.0000
2002-07-19,17.4300,18.6000,14.5300,14.9600,0.9503,51837800,0.0000
2002-07-12,18.5200,18.7900,16.9700,17.5000,1.1117,26107200,0.0000
2002-07-05,17.7100,18.7500,16.7500,18.7400,1.1904,15867100,0.0000
2002-06-28,16.7700,17.8200,15.9800,17.7200,1.1256,32385800,0.0000
2002-06-21,20.2400,20.6300,16.7900,16.8500,1.0704,57665200,0.0000
2002-06-14,21.4800,21.8400,18.1100,20.1000,1.2768,34513800,0.0000
2002-06-07,23.3900,23.4500,20.9300,21.4000,1.3594,30935500,0.0000
2002-05-31,23.6900,24.4400,23.2800,23.3000,1.4801,16667500,0.0000
2002-05-24,24.5700,25.2400,23.3200,24.1500,1.5341,24595600,0.0000
2002-05-17,23.5200,25.9800,22.9400,25.0100,1.5887,28419400,0.0000
2002-05-10,23.3500,24.5200,22.1400,23.3200,1.4814,24805500,0.0000
2002-05-03,23.1600,24.3800,23.0900,23.5100,1.4934,22108600,0.0000
2002-04-26,24.8400,24.9300,23.0000,23.0100,1.4617,20402300,0.0000
2002-04-19,25.0600,26.1700,24.8000,24.9800,1.5868,37273500,0.0000
2002-04-12,24.1600,25.2000,23.7800,25.0600,1.5919,25098600,0.0000
2002-04-05,24.7000,25.1900,23.2800,24.7400,1.5716,22039600,0.0000
2002-03-28,24.0700,24.0900,23.0000,23.6700,1.5036,13514800,0.0000
2002-03-22,24.9500,25.3000,23.2600,24.0900,1.5303,29638700,0.0000
2002-03-15,24.6000,25.1400,23.8800,24.9500,1.5849,20996500,0.0000
2002-03-08,23.2600,25.0900,22.7600,24.6600,1.5665,24592700,0.0000
2002-03-01,22.8500,24.7200,20.9400,23.4500,1.4896,45054800,0.0000
2002-02-22,23.7600,23.9000,21.4500,22.7400,1.4445,27302300,0.0000
2002-02-15,23.9300,25.2400,23.7400,23.9000,1.5182,26002000,0.0000
2002-02-08,24.3200,25.9800,23.3700,24.0300,1.5265,40714300,0.0000
2002-02-01,23.4000,24.9600,22.7200,24.4100,1.5506,31519600,0.0000
2002-01-25,22.2700,23.5100,21.5900,23.2500,1.4769,23223400,0.0000
2002-01-18,21.0100,22.7400,20.5000,22.1700,1.4083,40582100,0.0000
2002-01-11,23.7200,24.0000,20.2600,21.0500,1.3372,36142800,0.0000
2002-01-04,22.5100,23.9500,21.8300,23.6900,1.5049,30165400,0.0000
2001-12-28,20.9000,23.0000,20.9000,22.4300,1.4248,12279700,0.0000
2001-12-21,20.4000,21.6800,20.1900,21.0000,1.3340,21001900,0.0000
2001-12-14,22.2900,22.9900,20.0900,20.3900,1.2952,17065600,0.0000
2001-12-07,21.0600,24.0300,20.6000,22.5400,1.4318,29868100,0.0000
2001-11-30,19.9400,21.5500,19.8800,21.3000,1.3530,26545200,0.0000
2001-11-23,19.0000,20.2000,18.9600,19.8400,1.2603,15549300,0.0000
2001-11-16,18.6600,19.9000,17.9600,18.9700,1.2050,19482400,0.0000
2001-11-09,18.8400,20.1300,18.5300,18.7100,1.1885,25200700,0.0000
2001-11-02,18.5700,18.8600,17.0600,18.5700,1.1796,23212400,0.0000
2001-10-26,18.2100,19.4200,17.7500,18.6700,1.1860,35451100,0.0000
2001-10-19,17.9500,18.4100,16.9600,18.3000,1.1625,28332200,0.0000
2001-10-12,15.5700,18.0800,15.5000,18.0100,1.1441,23424000,0.0000
2001-10-05,15.4900,16.2500,14.8300,16.1400,1.0253,33409700,0.0000
2001-09-28,16.1100,16.8400,14.9300,15.5100,0.9852,33037300,0.0000
2001-09-21,16.0000,17.7200,14.6800,15.7300,0.9992,38216400,0.0000
2001-09-10,17.0000,17.5000,16.9200,17.3700,1.1034,5515100,0.0000
2001-09-07,18.5000,19.0800,17.2000,17.2800,1.0977,22008400,0.0000
2001-08-31,18.6000,19.3000,17.2800,18.5500,1.1784,20945500,0.0000
2001-08-24,18.1400,18.6200,17.5800,18.5700,1.1796,19989100,0.0000
2001-08-17,19.1000,19.3600,17.9700,18.0700,1.1479,20763300,0.0000
2001-08-10,19.0400,19.7000,18.5400,19.0200,1.2082,16642800,0.0000
2001-08-03,19.1200,19.9000,18.5100,19.5000,1.2387,21797600,0.0000
2001-07-27,20.0900,20.5000,17.8500,18.9600,1.2044,31015900,0.0000
2001-07-20,24.8800,25.2200,19.4900,19.9800,1.2692,60164900,0.0000
2001-07-13,22.0900,25.0100,20.8400,24.8500,1.5786,40585500,0.0000
2001-07-06,23.6400,24.2300,21.7200,22.0300,1.3994,14246500,0.0000
2001-06-29,22.5000,25.1000,22.4500,23.2500,1.4769,34826100,0.0000
2001-06-22,20.4100,23.0000,19.9800,22.2600,1.4140,30821000,0.0000
2001-06-15,21.0500,21.7300,19.3500,20.4400,1.2984,33236700,0.0000
2001-06-08,21.0800,21.7000,20.3300,21.3200,1.3543,29369600,0.0000
2001-06-01,22.3200,22.5000,19.3000,20.8900,1.3270,39143500,0.0000
2001-05-25,23.6300,24.1300,22.5000,22.7600,1.4458,28311700,0.0000
2001-05-18,22.8900,25.5000,22.7500,23.5300,1.4947,24281200,0.0000
2001-05-11,25.6200,25.7600,22.7600,22.8500,1.4515,25158900,0.0000
2001-05-04,26.7000,27.1200,23.9600,25.7500,1.6357,33449100,0.0000
2001-04-27,24.3400,26.2900,23.5100,26.2000,1.6643,44681300,0.0000
2001-04-20,22.0900,25.7500,19.6000,25.0400,1.5906,82827500,0.0000
2001-04-12,20.6900,23.0200,20.0600,22.4200,1.4242,24231900,0.0000
2001-04-06,22.0900,22.6600,18.7500,20.5900,1.3079,38691700,0.0000
2001-03-30,23.1300,23.7500,21.1300,22.0700,1.4020,51363400,0.0000
2001-03-23,19.7500,23.5600,19.3700,23.0000,1.4610,51692500,0.0000
2001-03-16,19.6900,21.3700,18.1200,19.6200,1.2463,41281400,0.0000
2001-03-09,19.3700,22.0600,19.2500,20.2500,1.2863,35348400,0.0000
2001-03-02,19.0600,20.4400,17.1900,19.2500,1.2228,32140200,0.0000
2001-02-23,19.1900,19.9400,18.0000,18.8100,1.1949,25553200,0.0000
2001-02-16,19.0600,20.5600,18.5000,19.0000,1.2069,24922100,0.0000
2001-02-09,20.5000,21.3900,18.6900,19.1200,1.2146,41730800,0.0000
2001-02-02,19.5600,22.5000,19.5600,20.6200,1.3099,54923100,0.0000
2001-01-26,19.0600,20.9400,18.4400,19.5600,1.2425,55151400,0.0000
2001-01-19,17.4400,19.5600,16.5000,19.5000,1.2387,56261900,0.0000
2001-01-12,16.9400,18.5000,15.9400,17.1900,1.0920,49473600,0.0000
2001-01-05,14.8800,18.5000,14.4400,16.3700,1.0399,43234600,0.0000
2000-12-29,14.8800,15.0000,14.1900,14.8800,0.9452,26389200,0.0000
2000-12-22,14.5600,15.2500,13.6300,15.0000,0.9528,34822200,0.0000
2000-12-15,15.1900,16.0000,14.0000,14.0600,0.8931,32873600,0.0000
2000-12-08,17.1900,17.4400,14.0000,15.0600,0.9567,57223300,0.0000
2000-12-01,19.8700,19.9400,16.1200,17.0600,1.0837,39560200,0.0000
2000-11-24,18.5900,19.5000,18.2500,19.3100,1.2266,20562200,0.0000
2000-11-17,18.7500,20.5000,18.2500,18.5000,1.1752,32298700,0.0000
2000-11-10,22.4400,22.6200,19.0600,19.0600,1.2108,36011000,0.0000
2000-11-03,19.1200,23.0000,18.7500,22.2500,1.4134,57267000,0.0000
2000-10-27,20.2700,20.8700,17.5000,18.5600,1.1790,62251200,0.0000
2000-10-20,22.3100,23.2500,18.3100,19.5000,1.2387,81324100,0.0000
2000-10-13,22.6200,22.8700,19.1200,22.0600,1.4013,87962600,0.0000
2000-10-06,26.6900,26.7500,21.0000,22.1900,1.4096,132403500,0.0000
2000-09-29,52.7500,55.5000,25.3700,25.7500,1.6357,170178100,0.0000
2000-09-22,55.2500,61.4400,50.0000,52.1900,3.3153,38582600,0.0000
2000-09-15,58.6900,60.3800,54.2500,55.2300,3.5084,26829100,0.0000
2000-09-08,62.6600,64.1200,57.7500,58.8800,3.7403,19054100,0.0000
2000-09-01,57.2500,63.6300,57.0600,63.4400,4.0299,28355300,0.0000
2000-08-25,50.2500,57.5000,49.6300,56.8100,3.6088,23095700,0.0000
2000-08-18,47.5900,52.4400,46.3100,50.0000,3.1762,15635900,0.0000
2000-08-11,47.8800,49.0600,45.5600,47.6900,3.0294,22025600,0.0000
2000-08-04,49.1600,51.6300,44.2500,47.3800,3.0097,18892100,0.0000
2000-07-28,52.5600,53.2500,46.8800,48.3100,3.0688,24413000,0.0000
2000-07-21,58.2500,58.8800,51.7500,53.5600,3.4023,30323000,0.0000
2000-07-14,54.0900,60.6300,53.7500,57.6900,3.6647,28876100,0.0000
2000-07-07,52.1300,55.1900,49.6300,54.4400,3.4582,16235600,0.0000
2000-06-30,52.5000,55.5000,51.0600,52.3800,3.3274,21464500,0.0000
2000-06-23,90.5600,103.9400,50.3100,51.6900,3.2835,24381700,0.0000
2000-06-16,96.3700,96.4400,88.1900,91.1900,2.8963,13137300,0.0000
2000-06-09,93.3100,98.5000,89.6900,95.7500,3.0412,14973700,0.0000
2000-06-02,87.6200,99.7500,80.3700,92.5600,2.9399,25386200,0.0000
2000-05-26,93.7500,93.7500,83.0000,86.3700,2.7433,22673700,0.0000
2000-05-19,108.0600,109.0600,93.3700,94.0000,2.9856,23499300,0.0000
2000-05-12,112.0900,113.6900,98.7500,107.6200,3.4182,16551700,0.0000
2000-05-05,124.8700,126.2500,110.5600,113.1200,3.5929,14607300,0.0000
2000-04-28,115.0000,128.7500,114.7500,124.0600,3.9404,15878200,0.0000
2000-04-20,109.5000,130.2500,109.0600,118.8700,3.7755,18238900,0.0000
2000-04-14,131.6900,132.7500,104.8700,111.8700,3.5532,25827400,0.0000
2000-04-07,135.5000,139.5000,116.7500,131.7500,4.1846,17398400,0.0000
2000-03-31,137.6300,144.7500,125.4400,135.8100,4.3136,13759100,0.0000
2000-03-24,123.5000,150.3800,121.6200,138.6900,4.4050,20591900,0.0000
2000-03-17,122.1200,126.5000,114.0000,125.0000,3.9702,16600800,0.0000
2000-03-10,126.0000,129.1300,118.2500,125.7500,3.9940,11429700,0.0000
2000-03-03,110.1200,132.0600,108.3700,128.0000,4.0655,21508200,0.0000
2000-02-25,110.1200,119.1200,106.6900,110.3700,3.5055,13580100,0.0000
2000-02-18,109.3100,119.9400,108.6200,111.2500,3.5335,15664900,0.0000
2000-02-11,108.0000,117.1200,105.9400,108.7500,3.4541,14859900,0.0000
2000-02-04,101.0000,110.0000,94.5000,108.0000,3.4303,21289500,0.0000
2000-01-28,108.4400,114.1900,100.6200,101.6200,3.2276,18470300,0.0000
2000-01-21,101.0000,121.5000,100.4400,111.3100,3.5354,30213200,0.0000
2000-01-14,102.0000,102.2500,86.5000,100.4400,3.1901,29872700,0.0000
