date begin,date end,score,number of words,pos_simple,neg_simple
2018-05-14 00:00:00,2018-05-20 00:00:00,0.014384830011775651,265,6,6
2018-05-07 00:00:00,2018-05-13 00:00:00,0.010774252960434208,257,6,6
2018-04-30 00:00:00,2018-05-06 00:00:00,0.019466282204561626,183,7,8
2018-04-23 00:00:00,2018-04-29 00:00:00,0.019527455332973422,224,4,11
2018-04-16 00:00:00,2018-04-22 00:00:00,0.008573656474224856,214,2,17
2018-04-09 00:00:00,2018-04-15 00:00:00,-0.0004124328235520707,232,2,14
2018-04-02 00:00:00,2018-04-08 00:00:00,0.0130772046582849,224,4,16
2018-03-26 00:00:00,2018-04-01 00:00:00,0.0016886075827357106,227,2,9
2018-03-19 00:00:00,2018-03-25 00:00:00,0.015640625701053068,219,2,6
2018-03-12 00:00:00,2018-03-18 00:00:00,-0.004094070811263805,218,6,14
2018-03-05 00:00:00,2018-03-11 00:00:00,-0.008325017413453144,251,1,15
2018-02-26 00:00:00,2018-03-04 00:00:00,0.009857358600501902,212,6,6
2018-02-19 00:00:00,2018-02-25 00:00:00,0.01885655212294032,212,4,11
2018-02-12 00:00:00,2018-02-18 00:00:00,0.0008202006352965462,254,2,5
2018-02-05 00:00:00,2018-02-11 00:00:00,0.0010028688988664694,216,7,12
2018-01-29 00:00:00,2018-02-04 00:00:00,0.006999015190075042,209,3,6
2018-01-22 00:00:00,2018-01-28 00:00:00,0.019369509659577327,220,3,5
2018-01-15 00:00:00,2018-01-21 00:00:00,-0.0053616066435307795,190,1,9
2018-01-08 00:00:00,2018-01-14 00:00:00,0.0153973999205994,237,8,11
2018-01-01 00:00:00,2018-01-07 00:00:00,0.007609311274632112,229,1,14
2017-12-25 00:00:00,2017-12-31 00:00:00,-0.007469671655770011,199,2,7
2017-12-18 00:00:00,2017-12-24 00:00:00,0.005408973789436637,200,4,14
2017-12-11 00:00:00,2017-12-17 00:00:00,0.011140834922864013,248,4,17
2017-12-04 00:00:00,2017-12-10 00:00:00,-0.004803269570803372,254,1,14
2017-11-27 00:00:00,2017-12-03 00:00:00,0.014036606798861938,202,5,11
2017-11-20 00:00:00,2017-11-26 00:00:00,-0.003379487076943571,204,3,11
2017-11-13 00:00:00,2017-11-19 00:00:00,0.01155097216943936,219,3,16
2017-11-06 00:00:00,2017-11-12 00:00:00,-0.00046041759392940145,220,2,6
2017-10-30 00:00:00,2017-11-05 00:00:00,0.01348707109329439,203,4,4
2017-10-23 00:00:00,2017-10-29 00:00:00,-0.002913191874753284,247,4,4
2017-10-16 00:00:00,2017-10-22 00:00:00,-0.005310267421684621,210,4,12
2017-10-09 00:00:00,2017-10-15 00:00:00,0.023234352280038395,223,3,10
2017-10-02 00:00:00,2017-10-08 00:00:00,0.025068200802349033,235,4,14
2017-09-25 00:00:00,2017-10-01 00:00:00,0.008700086851384937,250,7,5
2017-09-18 00:00:00,2017-09-24 00:00:00,0.0224363609908989,219,4,3
2017-09-11 00:00:00,2017-09-17 00:00:00,0.011189101627845874,158,1,2
2017-09-04 00:00:00,2017-09-10 00:00:00,0.01910903769208939,220,3,14
2017-08-28 00:00:00,2017-09-03 00:00:00,0.02089398997638057,204,2,2
2017-08-21 00:00:00,2017-08-27 00:00:00,0.011600149109979854,216,2,14
2017-08-14 00:00:00,2017-08-20 00:00:00,0.004858905270030453,212,5,8
2017-08-07 00:00:00,2017-08-13 00:00:00,0.015241968764142149,220,3,18
2017-07-31 00:00:00,2017-08-06 00:00:00,0.006670508525428736,199,0,7
2017-07-24 00:00:00,2017-07-30 00:00:00,0.020036902799735072,215,6,8
2017-07-17 00:00:00,2017-07-23 00:00:00,0.014394811962997404,223,4,2
2017-07-10 00:00:00,2017-07-16 00:00:00,0.009771816708372393,204,3,6
2017-07-03 00:00:00,2017-07-09 00:00:00,0.016598617087914786,202,2,8
2017-06-26 00:00:00,2017-07-02 00:00:00,0.002023335237913098,238,0,4
2017-06-19 00:00:00,2017-06-25 00:00:00,0.016596540063673986,203,5,14
2017-06-12 00:00:00,2017-06-18 00:00:00,0.013205617034682055,200,2,9
2017-06-05 00:00:00,2017-06-11 00:00:00,0.022560238805517815,197,0,7
2017-05-29 00:00:00,2017-06-04 00:00:00,-0.001912241298879447,185,6,4
2017-05-22 00:00:00,2017-05-28 00:00:00,0.009431536987782844,201,2,9
2017-05-15 00:00:00,2017-05-21 00:00:00,-0.006985483370687911,198,9,22
2017-05-08 00:00:00,2017-05-14 00:00:00,0.011706222856766077,179,2,5
2017-05-01 00:00:00,2017-05-07 00:00:00,0.005272443206879704,205,4,4
2017-04-24 00:00:00,2017-04-30 00:00:00,-0.0004082864318312754,240,5,10
2017-04-17 00:00:00,2017-04-23 00:00:00,-0.0007541416011267675,192,2,9
2017-04-10 00:00:00,2017-04-16 00:00:00,0.008111165937527205,208,4,9
2017-04-03 00:00:00,2017-04-09 00:00:00,-0.005216356059036289,204,2,13
2017-03-27 00:00:00,2017-04-02 00:00:00,0.005995814237628678,220,7,17
2017-03-20 00:00:00,2017-03-26 00:00:00,0.014740339098027886,191,7,11
2017-03-13 00:00:00,2017-03-19 00:00:00,0.01575556057779228,182,6,7
2017-03-06 00:00:00,2017-03-12 00:00:00,0.0011351850961302506,239,4,8
2017-02-27 00:00:00,2017-03-05 00:00:00,-0.0013681457366469512,231,7,10
2017-02-20 00:00:00,2017-02-26 00:00:00,0.013920116881199065,208,5,9
2017-02-13 00:00:00,2017-02-19 00:00:00,0.0003832833204283227,204,2,6
2017-02-06 00:00:00,2017-02-12 00:00:00,0.01928013513044925,209,2,11
2017-01-30 00:00:00,2017-02-05 00:00:00,-0.008157445475382639,208,1,15
2017-01-23 00:00:00,2017-01-29 00:00:00,0.000586002319992016,238,4,9
2017-01-16 00:00:00,2017-01-22 00:00:00,0.016766284848272334,192,4,6
2017-01-09 00:00:00,2017-01-15 00:00:00,0.022660683550232204,243,5,7
2017-01-02 00:00:00,2017-01-08 00:00:00,0.011259162009136616,203,3,7
2016-12-26 00:00:00,2017-01-01 00:00:00,0.009873418446624198,177,4,2
2016-12-19 00:00:00,2016-12-25 00:00:00,0.01420927264811697,307,2,9
2016-12-12 00:00:00,2016-12-18 00:00:00,0.003952847009774363,333,6,17
2016-12-05 00:00:00,2016-12-11 00:00:00,0.007205521299072015,382,4,15
2016-11-28 00:00:00,2016-12-04 00:00:00,0.0060492268202781444,369,6,23
2016-11-21 00:00:00,2016-11-27 00:00:00,-0.015262069997336477,236,3,14
2016-11-14 00:00:00,2016-11-20 00:00:00,0.008108769792709605,252,4,10
2016-11-07 00:00:00,2016-11-13 00:00:00,0.005008145813685409,291,3,14
2016-10-31 00:00:00,2016-11-06 00:00:00,-0.0003755864498963773,305,2,11
2016-10-24 00:00:00,2016-10-30 00:00:00,0.019102868424678256,295,7,15
2016-10-17 00:00:00,2016-10-23 00:00:00,0.015208216968045491,271,4,9
2016-10-10 00:00:00,2016-10-16 00:00:00,-0.004045022227776744,320,3,13
2016-10-03 00:00:00,2016-10-09 00:00:00,0.009863191297374835,317,5,8
2016-09-26 00:00:00,2016-10-02 00:00:00,0.013706774544817607,317,1,8
2016-09-19 00:00:00,2016-09-25 00:00:00,0.004216605638184526,317,2,13
2016-09-12 00:00:00,2016-09-18 00:00:00,0.01597109136238299,325,4,13
2016-09-05 00:00:00,2016-09-11 00:00:00,0.0188343586038219,334,4,11
2016-08-29 00:00:00,2016-09-04 00:00:00,0.007932212445468082,364,6,21
2016-08-22 00:00:00,2016-08-28 00:00:00,0.007302640280379985,347,3,21
2016-08-15 00:00:00,2016-08-21 00:00:00,0.009756116645338422,231,4,5
2016-08-08 00:00:00,2016-08-14 00:00:00,0.017867199439516413,316,5,17
2016-08-01 00:00:00,2016-08-07 00:00:00,0.0064124255776880105,313,8,13
2016-07-25 00:00:00,2016-07-31 00:00:00,0.010291590053614654,353,7,8
2016-07-18 00:00:00,2016-07-24 00:00:00,0.0006143719916467627,424,6,16
2016-07-11 00:00:00,2016-07-17 00:00:00,0.013026636717611477,385,4,15
2016-07-04 00:00:00,2016-07-10 00:00:00,0.016991703411184216,367,7,14
2016-06-27 00:00:00,2016-07-03 00:00:00,0.0018834079054301843,372,4,16
2016-06-20 00:00:00,2016-06-26 00:00:00,0.008841713384395227,383,7,19
2016-06-13 00:00:00,2016-06-19 00:00:00,0.005585739540864862,364,10,13
2016-06-06 00:00:00,2016-06-12 00:00:00,0.015454753771483806,347,13,16
2016-05-30 00:00:00,2016-06-05 00:00:00,0.0009091718477323065,376,2,14
2016-05-23 00:00:00,2016-05-29 00:00:00,-0.005847384732532156,384,3,14
2016-05-16 00:00:00,2016-05-22 00:00:00,0.01623799049690978,347,3,8
2016-05-09 00:00:00,2016-05-15 00:00:00,0.004790536869707896,380,5,9
2016-05-02 00:00:00,2016-05-08 00:00:00,0.007375964618008437,463,6,17
2016-04-25 00:00:00,2016-05-01 00:00:00,-0.010091726794014173,312,3,18
2016-04-18 00:00:00,2016-04-24 00:00:00,0.0029192480570184214,421,6,22
2016-04-11 00:00:00,2016-04-17 00:00:00,0.010089657273983546,347,2,13
2016-04-04 00:00:00,2016-04-10 00:00:00,0.012479610778997206,455,10,11
2016-03-28 00:00:00,2016-04-03 00:00:00,0.017625195841623954,494,11,23
2016-03-21 00:00:00,2016-03-27 00:00:00,0.011715318813946156,402,6,29
2016-03-14 00:00:00,2016-03-20 00:00:00,-0.008051104940398545,297,1,17
2016-03-07 00:00:00,2016-03-13 00:00:00,0.006218104693183609,410,6,26
2016-02-29 00:00:00,2016-03-06 00:00:00,-0.0012968038238005237,341,6,22
2016-02-22 00:00:00,2016-02-28 00:00:00,0.00807200215053184,357,2,15
2016-02-15 00:00:00,2016-02-21 00:00:00,0.008750678814696865,349,3,13
2016-02-08 00:00:00,2016-02-14 00:00:00,0.008056627428957396,262,1,6
2016-02-01 00:00:00,2016-02-07 00:00:00,0.015567697610053643,290,4,10
2016-01-25 00:00:00,2016-01-31 00:00:00,0.017921918012612198,382,7,17
2016-01-18 00:00:00,2016-01-24 00:00:00,0.016300805289818084,528,15,14
2016-01-11 00:00:00,2016-01-17 00:00:00,0.014233452229367465,311,7,6
2016-01-04 00:00:00,2016-01-10 00:00:00,0.007526007125176728,478,7,17
2015-12-28 00:00:00,2016-01-03 00:00:00,0.007288177408134708,402,4,17
2015-12-21 00:00:00,2015-12-27 00:00:00,-0.00046674703263833094,524,9,36
2015-12-14 00:00:00,2015-12-20 00:00:00,0.017428430973645333,316,6,9
2015-12-07 00:00:00,2015-12-13 00:00:00,0.01892464838331632,384,5,7
2015-11-30 00:00:00,2015-12-06 00:00:00,0.01051837058559614,417,16,15
2015-11-23 00:00:00,2015-11-29 00:00:00,0.014131332684017617,341,4,8
2015-11-16 00:00:00,2015-11-22 00:00:00,0.005535678870718448,450,5,22
2015-11-09 00:00:00,2015-11-15 00:00:00,0.014340960383314923,392,5,20
2015-11-02 00:00:00,2015-11-08 00:00:00,0.005484239775402642,430,7,3
2015-10-26 00:00:00,2015-11-01 00:00:00,0.0074934276205162655,355,10,11
2015-10-19 00:00:00,2015-10-25 00:00:00,0.0064788271704943915,417,12,12
2015-10-12 00:00:00,2015-10-18 00:00:00,0.00589340510241651,330,2,11
2015-10-05 00:00:00,2015-10-11 00:00:00,0.008996793703158286,421,9,19
2015-09-28 00:00:00,2015-10-04 00:00:00,0.013623917773694417,395,6,9
2015-09-21 00:00:00,2015-09-27 00:00:00,0.023414904849869515,454,9,12
2015-09-14 00:00:00,2015-09-20 00:00:00,0.005297109116839505,449,5,14
2015-09-07 00:00:00,2015-09-13 00:00:00,0.01293658668545829,344,4,3
2015-08-31 00:00:00,2015-09-06 00:00:00,0.013139917835606774,371,4,16
2015-08-24 00:00:00,2015-08-30 00:00:00,0.010461265408170266,463,6,14
2015-08-17 00:00:00,2015-08-23 00:00:00,0.01187714870054929,380,8,8
2015-08-10 00:00:00,2015-08-16 00:00:00,0.013835868866708755,491,12,24
2015-08-03 00:00:00,2015-08-09 00:00:00,0.03193481966980502,390,6,12
2015-07-27 00:00:00,2015-08-02 00:00:00,0.020981772952260513,354,5,8
2015-07-20 00:00:00,2015-07-26 00:00:00,0.01192809023471063,387,9,5
2015-07-13 00:00:00,2015-07-19 00:00:00,0.005533349760019253,439,2,22
2015-07-06 00:00:00,2015-07-12 00:00:00,0.01137315766585717,542,12,16
2015-06-29 00:00:00,2015-07-05 00:00:00,0.027727351019414287,487,11,8
2015-06-22 00:00:00,2015-06-28 00:00:00,0.025817440403615086,393,3,8
2015-06-15 00:00:00,2015-06-21 00:00:00,0.005788717569687544,390,6,8
2015-06-08 00:00:00,2015-06-14 00:00:00,0.01730688310706643,488,5,20
2015-06-01 00:00:00,2015-06-07 00:00:00,0.022456519689522513,390,7,16
2015-05-25 00:00:00,2015-05-31 00:00:00,0.005480049349636128,377,9,8
2015-05-18 00:00:00,2015-05-24 00:00:00,0.018468183055855777,404,3,16
2015-05-11 00:00:00,2015-05-17 00:00:00,0.006211490396599471,370,4,7
2015-05-04 00:00:00,2015-05-10 00:00:00,0.021034099141813714,356,6,5
2015-04-27 00:00:00,2015-05-03 00:00:00,0.02005455790454347,411,12,9
2015-04-20 00:00:00,2015-04-26 00:00:00,0.014995786932329199,378,5,8
2015-04-13 00:00:00,2015-04-19 00:00:00,0.011673174894383272,490,7,23
2015-04-06 00:00:00,2015-04-12 00:00:00,0.010487670874780416,384,6,2
2015-03-30 00:00:00,2015-04-05 00:00:00,-0.002532622532776444,407,4,22
2015-03-23 00:00:00,2015-03-29 00:00:00,0.004798774446740371,514,6,12
2015-03-16 00:00:00,2015-03-22 00:00:00,-0.0076757429222280606,388,8,16
2015-03-09 00:00:00,2015-03-15 00:00:00,0.033993529851149146,318,5,5
2015-03-02 00:00:00,2015-03-08 00:00:00,0.0004429724955663885,479,3,10
2015-02-23 00:00:00,2015-03-01 00:00:00,-0.0013328432843309201,420,3,9
2015-02-16 00:00:00,2015-02-22 00:00:00,0.00813298604428864,418,3,6
2015-02-09 00:00:00,2015-02-15 00:00:00,0.020809352804448396,408,5,2
2015-02-02 00:00:00,2015-02-08 00:00:00,0.007381560563222773,524,10,9
2015-01-26 00:00:00,2015-02-01 00:00:00,0.01513023294243491,459,6,10
2015-01-19 00:00:00,2015-01-25 00:00:00,0.022272318828208883,401,9,17
2015-01-12 00:00:00,2015-01-18 00:00:00,0.010732234962288345,465,5,29
2015-01-05 00:00:00,2015-01-11 00:00:00,0.018191691770547518,425,4,8
2014-12-29 00:00:00,2015-01-04 00:00:00,0.01462363363261091,347,7,11
2014-12-22 00:00:00,2014-12-28 00:00:00,0.016658719393030944,458,6,10
2014-12-15 00:00:00,2014-12-21 00:00:00,0.005139390518152516,544,7,29
2014-12-08 00:00:00,2014-12-14 00:00:00,0.0059294931744652305,377,3,7
2014-12-01 00:00:00,2014-12-07 00:00:00,0.013780977279345295,463,3,20
2014-11-24 00:00:00,2014-11-30 00:00:00,0.0026495550305724955,355,3,3
2014-11-17 00:00:00,2014-11-23 00:00:00,0.004759170056612368,409,4,12
2014-11-10 00:00:00,2014-11-16 00:00:00,0.004851583401799494,422,6,8
2014-11-03 00:00:00,2014-11-09 00:00:00,0.013598115444956274,476,5,20
2014-10-27 00:00:00,2014-11-02 00:00:00,0.020614703822716633,474,0,6
2014-10-20 00:00:00,2014-10-26 00:00:00,0.012745775230326476,469,7,11
2014-10-13 00:00:00,2014-10-19 00:00:00,0.01453204437162246,385,3,8
2014-10-06 00:00:00,2014-10-12 00:00:00,0.009243490443409948,471,4,8
2014-09-29 00:00:00,2014-10-05 00:00:00,0.02379973846619623,473,11,21
2014-09-22 00:00:00,2014-09-28 00:00:00,0.022803168839870585,421,4,11
2014-09-15 00:00:00,2014-09-21 00:00:00,0.031695616845291374,517,6,10
2014-09-08 00:00:00,2014-09-14 00:00:00,0.03548729463027103,390,6,7
2014-09-01 00:00:00,2014-09-07 00:00:00,0.013259015739315174,481,8,23
2014-08-25 00:00:00,2014-08-31 00:00:00,0.00618207443005539,537,7,23
2014-08-18 00:00:00,2014-08-24 00:00:00,-0.0017140574317261392,374,4,20
2014-08-11 00:00:00,2014-08-17 00:00:00,0.019376084393973998,441,3,8
2014-08-04 00:00:00,2014-08-10 00:00:00,0.0021174022919576985,467,4,17
2014-07-28 00:00:00,2014-08-03 00:00:00,0.014033900789356141,459,5,11
2014-07-21 00:00:00,2014-07-27 00:00:00,0.00782735893386947,336,4,22
2014-07-14 00:00:00,2014-07-20 00:00:00,0.007860390687626704,470,5,11
2014-07-07 00:00:00,2014-07-13 00:00:00,0.011231012132239395,446,3,15
2014-06-30 00:00:00,2014-07-06 00:00:00,0.013476998458794822,484,4,13
2014-06-23 00:00:00,2014-06-29 00:00:00,0.013319548962981933,493,4,7
2014-06-16 00:00:00,2014-06-22 00:00:00,-0.002156153842478557,415,4,11
2014-06-09 00:00:00,2014-06-15 00:00:00,-0.0030391882215954078,420,5,14
2014-06-02 00:00:00,2014-06-08 00:00:00,0.029435054863312302,540,6,17
2014-05-26 00:00:00,2014-06-01 00:00:00,0.02559569754653256,482,7,4
2014-05-19 00:00:00,2014-05-25 00:00:00,0.014391782465622048,464,8,8
2014-05-12 00:00:00,2014-05-18 00:00:00,0.015256399462025772,480,8,16
2014-05-05 00:00:00,2014-05-11 00:00:00,0.005195236272174445,492,2,13
2014-04-28 00:00:00,2014-05-04 00:00:00,0.017851967296640698,407,9,28
2014-04-21 00:00:00,2014-04-27 00:00:00,0.0007260414199169891,404,4,19
2014-04-14 00:00:00,2014-04-20 00:00:00,0.023782739317078347,446,7,3
2014-04-07 00:00:00,2014-04-13 00:00:00,0.0009031441028796317,471,1,12
2014-03-31 00:00:00,2014-04-06 00:00:00,0.015205147129908201,414,3,12
2014-03-24 00:00:00,2014-03-30 00:00:00,0.009830536866766841,438,3,8
2014-03-17 00:00:00,2014-03-23 00:00:00,-0.004048283934796409,379,8,6
2014-03-10 00:00:00,2014-03-16 00:00:00,0.02312179031506832,377,6,1
2014-03-03 00:00:00,2014-03-09 00:00:00,-0.0016246577859678315,395,4,13
2014-02-24 00:00:00,2014-03-02 00:00:00,-0.0013614550372150456,543,5,14
2014-02-17 00:00:00,2014-02-23 00:00:00,0.010868883486131027,335,7,9
2014-02-10 00:00:00,2014-02-16 00:00:00,0.027101189477925898,411,7,9
2014-02-03 00:00:00,2014-02-09 00:00:00,0.008281479382259859,438,6,11
2014-01-27 00:00:00,2014-02-02 00:00:00,0.006749098514569587,551,7,20
2014-01-20 00:00:00,2014-01-26 00:00:00,0.008354739111855747,452,3,15
2014-01-13 00:00:00,2014-01-19 00:00:00,0.01293249771309655,488,5,7
2014-01-06 00:00:00,2014-01-12 00:00:00,0.01200789668489313,471,5,3
2013-12-30 00:00:00,2014-01-05 00:00:00,0.015040124162850842,428,6,7
2013-12-23 00:00:00,2013-12-29 00:00:00,0.0032989102738387403,508,5,10
2013-12-16 00:00:00,2013-12-22 00:00:00,0.006430110213033138,398,5,6
2013-12-09 00:00:00,2013-12-15 00:00:00,-0.00043955585744730213,385,1,10
2013-12-02 00:00:00,2013-12-08 00:00:00,0.025250790657604143,430,9,5
2013-11-25 00:00:00,2013-12-01 00:00:00,0.02359501154933626,323,6,2
2013-11-18 00:00:00,2013-11-24 00:00:00,0.0012106857295706745,395,2,11
2013-11-11 00:00:00,2013-11-17 00:00:00,0.004522725954332666,406,2,12
2013-11-04 00:00:00,2013-11-10 00:00:00,0.012918480354045985,441,3,14
2013-10-28 00:00:00,2013-11-03 00:00:00,0.01573775336398461,458,7,4
2013-10-21 00:00:00,2013-10-27 00:00:00,0.01931507874643635,499,6,8
2013-10-14 00:00:00,2013-10-20 00:00:00,0.004597938267781892,437,5,9
2013-10-07 00:00:00,2013-10-13 00:00:00,0.01197553865153503,559,6,11
2013-09-30 00:00:00,2013-10-06 00:00:00,0.013881751709177425,526,10,12
2013-09-23 00:00:00,2013-09-29 00:00:00,0.016355829833944933,477,2,6
2013-09-16 00:00:00,2013-09-22 00:00:00,0.01339458157494175,401,10,8
2013-09-09 00:00:00,2013-09-15 00:00:00,0.03159031906026475,317,3,4
2013-09-02 00:00:00,2013-09-08 00:00:00,-0.0045816973149776456,451,3,12
2013-08-26 00:00:00,2013-09-01 00:00:00,0.01861507680366613,478,5,9
2013-08-19 00:00:00,2013-08-25 00:00:00,0.01118980584887894,449,8,8
2013-08-12 00:00:00,2013-08-18 00:00:00,0.026705979121674737,432,8,15
2013-08-05 00:00:00,2013-08-11 00:00:00,0.010223651061908192,513,4,25
2013-07-29 00:00:00,2013-08-04 00:00:00,0.0030512599564824095,494,4,12
2013-07-22 00:00:00,2013-07-28 00:00:00,0.004889246775236244,487,5,12
2013-07-15 00:00:00,2013-07-21 00:00:00,0.009147993341773802,425,8,2
2013-07-08 00:00:00,2013-07-14 00:00:00,0.021415684097279338,494,11,21
2013-07-01 00:00:00,2013-07-07 00:00:00,0.01846613501607779,470,8,3
2013-06-24 00:00:00,2013-06-30 00:00:00,0.017681347643995995,460,6,12
2013-06-17 00:00:00,2013-06-23 00:00:00,-0.007810083745465201,467,1,19
2013-06-10 00:00:00,2013-06-16 00:00:00,0.015582946078046707,515,3,18
2013-06-03 00:00:00,2013-06-09 00:00:00,0.011796645715276827,601,10,26
2013-05-27 00:00:00,2013-06-02 00:00:00,0.027713945737255795,459,10,7
2013-05-20 00:00:00,2013-05-26 00:00:00,0.004191562135329172,460,3,8
2013-05-13 00:00:00,2013-05-19 00:00:00,0.012845656753695657,579,9,13
2013-05-06 00:00:00,2013-05-12 00:00:00,0.008231071212894346,529,9,15
2013-04-29 00:00:00,2013-05-05 00:00:00,0.005192854441343091,552,6,13
2013-04-22 00:00:00,2013-04-28 00:00:00,0.0036632720659104594,382,3,6
2013-04-15 00:00:00,2013-04-21 00:00:00,0.020789483891375016,489,2,11
2013-04-08 00:00:00,2013-04-14 00:00:00,0.014151642617449195,559,3,13
2013-04-01 00:00:00,2013-04-07 00:00:00,0.006940497894704854,534,6,14
2013-03-25 00:00:00,2013-03-31 00:00:00,0.020835573058443288,453,9,5
2013-03-18 00:00:00,2013-03-24 00:00:00,0.022411354411332404,585,9,17
2013-03-11 00:00:00,2013-03-17 00:00:00,0.023862080544721886,540,6,11
2013-03-04 00:00:00,2013-03-10 00:00:00,0.016279240378611583,513,7,12
2013-02-25 00:00:00,2013-03-03 00:00:00,0.018332525144649458,420,6,15
2013-02-18 00:00:00,2013-02-24 00:00:00,0.006095235281560781,536,2,11
2013-02-11 00:00:00,2013-02-17 00:00:00,0.027042646107285156,543,8,5
2013-02-04 00:00:00,2013-02-10 00:00:00,0.013353390142915405,539,6,22
2013-01-28 00:00:00,2013-02-03 00:00:00,0.012180004757852813,569,5,16
2013-01-21 00:00:00,2013-01-27 00:00:00,-0.006673089578698361,434,5,17
2013-01-14 00:00:00,2013-01-20 00:00:00,0.014144050904150766,567,8,22
2013-01-07 00:00:00,2013-01-13 00:00:00,0.01119071212055848,615,5,10
2012-12-31 00:00:00,2013-01-06 00:00:00,0.012455051675370463,470,3,10
2012-12-24 00:00:00,2012-12-30 00:00:00,0.01038619304136437,475,5,13
2012-12-17 00:00:00,2012-12-23 00:00:00,0.013512938199426205,559,7,16
2012-12-10 00:00:00,2012-12-16 00:00:00,0.0058033648560103755,533,4,9
2012-12-03 00:00:00,2012-12-09 00:00:00,0.008551748220178294,546,5,10
2012-11-26 00:00:00,2012-12-02 00:00:00,0.009034270279136326,556,9,27
2012-11-19 00:00:00,2012-11-25 00:00:00,0.016873941306199413,468,4,9
2012-11-12 00:00:00,2012-11-18 00:00:00,0.01585770886216448,545,9,14
2012-11-05 00:00:00,2012-11-11 00:00:00,0.00928314738714235,633,7,14
2012-10-29 00:00:00,2012-11-04 00:00:00,0.00559048212120493,455,4,5
2012-10-22 00:00:00,2012-10-28 00:00:00,0.010218330458098767,360,4,7
2012-10-15 00:00:00,2012-10-21 00:00:00,0.010068792495050424,506,5,11
2012-10-08 00:00:00,2012-10-14 00:00:00,0.001780981207189509,497,5,15
2012-10-01 00:00:00,2012-10-07 00:00:00,0.020802076894435226,640,5,15
2012-09-24 00:00:00,2012-09-30 00:00:00,0.00777935586026108,629,4,24
2012-09-17 00:00:00,2012-09-23 00:00:00,0.004077819648025687,514,11,13
2012-09-10 00:00:00,2012-09-16 00:00:00,0.02868920083086259,610,7,6
2012-09-03 00:00:00,2012-09-09 00:00:00,0.012056635687938615,563,5,18
2012-08-27 00:00:00,2012-09-02 00:00:00,-0.0014695477890560703,496,8,26
2012-08-20 00:00:00,2012-08-26 00:00:00,0.013489503380665614,489,6,15
2012-08-13 00:00:00,2012-08-19 00:00:00,0.010443496097959746,528,5,13
2012-08-06 00:00:00,2012-08-12 00:00:00,0.0043624368047853225,572,6,19
2012-07-30 00:00:00,2012-08-05 00:00:00,0.013449604927325609,571,5,18
2012-07-23 00:00:00,2012-07-29 00:00:00,0.016011902517204392,543,5,15
2012-07-16 00:00:00,2012-07-22 00:00:00,0.011557183970660466,648,9,9
2012-07-09 00:00:00,2012-07-15 00:00:00,0.00940165487627789,632,2,19
2012-07-02 00:00:00,2012-07-08 00:00:00,0.01601124183065151,598,3,14
2012-06-25 00:00:00,2012-07-01 00:00:00,0.011579506583840174,520,5,7
2012-06-18 00:00:00,2012-06-24 00:00:00,0.018051439590636893,631,7,5
2012-06-11 00:00:00,2012-06-17 00:00:00,0.024616217121758863,601,5,4
2012-06-04 00:00:00,2012-06-10 00:00:00,0.022202252508043408,493,9,5
2012-05-28 00:00:00,2012-06-03 00:00:00,0.014977038214576046,565,7,14
2012-05-21 00:00:00,2012-05-27 00:00:00,0.009240602760717618,501,9,22
2012-05-14 00:00:00,2012-05-20 00:00:00,0.01532238225394279,701,8,12
2012-05-07 00:00:00,2012-05-13 00:00:00,0.012557822469484734,401,3,9
2012-04-30 00:00:00,2012-05-06 00:00:00,0.013348494368884708,552,2,12
2012-04-23 00:00:00,2012-04-29 00:00:00,0.027555595300844043,467,2,8
2012-04-16 00:00:00,2012-04-22 00:00:00,0.0068194066937569565,637,6,24
2012-04-09 00:00:00,2012-04-15 00:00:00,0.014749125872581903,674,10,24
2012-04-02 00:00:00,2012-04-08 00:00:00,-0.0070586235378589735,420,9,22
2012-03-26 00:00:00,2012-04-01 00:00:00,0.011857944813033656,457,5,24
2012-03-19 00:00:00,2012-03-25 00:00:00,0.003487310066085106,567,5,15
2012-03-12 00:00:00,2012-03-18 00:00:00,0.00047093806767811253,634,8,26
2012-03-05 00:00:00,2012-03-11 00:00:00,0.02126638842262207,540,3,11
2012-02-27 00:00:00,2012-03-04 00:00:00,0.028539508882994755,597,5,10
2012-02-20 00:00:00,2012-02-26 00:00:00,0.020318997544258897,549,10,20
2012-02-13 00:00:00,2012-02-19 00:00:00,0.00584737898387663,829,6,26
2012-02-06 00:00:00,2012-02-12 00:00:00,0.01370672240092916,671,2,2
2012-01-30 00:00:00,2012-02-05 00:00:00,0.007579911264220137,648,4,8
2012-01-23 00:00:00,2012-01-29 00:00:00,-0.009776534234439674,540,3,15
2012-01-16 00:00:00,2012-01-22 00:00:00,0.017776691691956836,637,7,5
2012-01-09 00:00:00,2012-01-15 00:00:00,0.013361151599322106,503,2,13
2012-01-02 00:00:00,2012-01-08 00:00:00,0.010713194712619382,292,8,11
2011-12-26 00:00:00,2012-01-01 00:00:00,0.027289243063381426,540,10,2
2011-12-19 00:00:00,2011-12-25 00:00:00,0.018110250936278813,547,11,8
2011-12-12 00:00:00,2011-12-18 00:00:00,0.0019046248591975585,338,1,5
2011-12-05 00:00:00,2011-12-11 00:00:00,0.0006467903197674899,658,6,11
2011-11-28 00:00:00,2011-12-04 00:00:00,0.014934554129760164,679,4,15
2011-11-21 00:00:00,2011-11-27 00:00:00,0.020048282746723056,700,9,5
2011-11-14 00:00:00,2011-11-20 00:00:00,0.005495709536675582,641,8,11
2011-11-07 00:00:00,2011-11-13 00:00:00,-0.0036630770370722804,564,6,18
2011-10-31 00:00:00,2011-11-06 00:00:00,0.008448936054813326,504,3,18
2011-10-24 00:00:00,2011-10-30 00:00:00,0.017436981775312523,370,4,14
2011-10-17 00:00:00,2011-10-23 00:00:00,0.02296089670957279,363,0,13
2011-10-10 00:00:00,2011-10-16 00:00:00,0.019306718837525248,488,7,9
2011-10-03 00:00:00,2011-10-09 00:00:00,0.01827725597937523,335,8,5
2011-09-26 00:00:00,2011-10-02 00:00:00,0.0042513595013828065,342,2,9
2011-09-19 00:00:00,2011-09-25 00:00:00,0.009559236598742634,286,1,3
2011-09-12 00:00:00,2011-09-18 00:00:00,0.025144542078933692,474,4,7
2011-09-05 00:00:00,2011-09-11 00:00:00,0.008470510386607864,310,2,4
2011-08-29 00:00:00,2011-09-04 00:00:00,0.009601131895362247,387,3,7
2011-08-22 00:00:00,2011-08-28 00:00:00,0.013793852980174381,375,8,7
2011-08-15 00:00:00,2011-08-21 00:00:00,0.017376308510522152,451,3,9
2011-08-08 00:00:00,2011-08-14 00:00:00,0.003459380939602852,360,5,9
2011-08-01 00:00:00,2011-08-07 00:00:00,0.012296981983280216,411,6,5
2011-07-25 00:00:00,2011-07-31 00:00:00,0.0211723397631164,365,2,5
2011-07-18 00:00:00,2011-07-24 00:00:00,-0.0005682149424891453,347,5,6
2011-07-11 00:00:00,2011-07-17 00:00:00,0.009988282389681915,409,9,13
2011-07-04 00:00:00,2011-07-10 00:00:00,-0.002251063368562318,434,3,8
2011-06-27 00:00:00,2011-07-03 00:00:00,0.020364422046446194,469,4,4
2011-06-20 00:00:00,2011-06-26 00:00:00,0.005756975731590005,291,4,4
2011-06-13 00:00:00,2011-06-19 00:00:00,0.007836527598619972,394,5,2
2011-06-06 00:00:00,2011-06-12 00:00:00,0.016367209131003466,341,1,9
2011-05-30 00:00:00,2011-06-05 00:00:00,0.021911676111912366,436,2,7
2011-05-23 00:00:00,2011-05-29 00:00:00,0.013080734445061132,361,6,6
2011-05-16 00:00:00,2011-05-22 00:00:00,0.011666356596404099,315,3,5
2011-05-09 00:00:00,2011-05-15 00:00:00,0.025651720572758357,407,5,12
2011-05-02 00:00:00,2011-05-08 00:00:00,0.02131726098979173,347,1,8
2011-04-25 00:00:00,2011-05-01 00:00:00,0.009166244189273283,238,9,12
2011-04-18 00:00:00,2011-04-24 00:00:00,0.015516731435699121,369,3,16
2011-04-11 00:00:00,2011-04-17 00:00:00,0.025192900140467513,308,4,4
2011-04-04 00:00:00,2011-04-10 00:00:00,0.015922327014616666,471,7,6
2011-03-28 00:00:00,2011-04-03 00:00:00,0.01838105550027216,403,7,6
2011-03-21 00:00:00,2011-03-27 00:00:00,-0.0014198555199542997,370,3,11
2011-03-14 00:00:00,2011-03-20 00:00:00,0.014372233455839207,317,3,10
2011-03-07 00:00:00,2011-03-13 00:00:00,0.02268987214590515,393,6,1
2011-02-28 00:00:00,2011-03-06 00:00:00,0.023631912000477314,341,3,4
2011-02-21 00:00:00,2011-02-27 00:00:00,0.013384713261260844,349,5,9
2011-02-14 00:00:00,2011-02-20 00:00:00,0.012053093256138769,317,5,4
2011-02-07 00:00:00,2011-02-13 00:00:00,0.021742855813672884,345,3,8
2011-01-31 00:00:00,2011-02-06 00:00:00,0.012610959360936503,272,3,5
2011-01-24 00:00:00,2011-01-30 00:00:00,0.011383332066284394,439,7,10
2011-01-17 00:00:00,2011-01-23 00:00:00,0.01420050943381843,240,4,14
2011-01-10 00:00:00,2011-01-16 00:00:00,0.026641197045236067,272,4,4
2011-01-03 00:00:00,2011-01-09 00:00:00,-0.006217175062658021,422,1,15
2010-12-27 00:00:00,2011-01-02 00:00:00,0.005352579706199367,414,9,8
2010-12-20 00:00:00,2010-12-26 00:00:00,-0.00542107765499236,412,4,9
2010-12-13 00:00:00,2010-12-19 00:00:00,0.009630576268234534,396,4,15
2010-12-06 00:00:00,2010-12-12 00:00:00,0.024430742543500417,368,2,4
2010-11-29 00:00:00,2010-12-05 00:00:00,0.02099468153311133,370,1,5
2010-11-22 00:00:00,2010-11-28 00:00:00,0.017982895551499557,293,4,6
2010-11-15 00:00:00,2010-11-21 00:00:00,0.014399605372016212,379,4,4
2010-11-08 00:00:00,2010-11-14 00:00:00,0.004248523452090767,295,3,6
2010-11-01 00:00:00,2010-11-07 00:00:00,0.00341884921900617,278,4,7
2010-10-25 00:00:00,2010-10-31 00:00:00,0.004009099933945423,377,12,12
2010-10-18 00:00:00,2010-10-24 00:00:00,0.010620682990621825,403,4,16
2010-10-11 00:00:00,2010-10-17 00:00:00,0.015679171077344418,285,2,6
2010-10-04 00:00:00,2010-10-10 00:00:00,0.01733736432850427,268,2,11
2010-09-27 00:00:00,2010-10-03 00:00:00,0.006409929529222848,385,6,6
2010-09-20 00:00:00,2010-09-26 00:00:00,0.024203419648508945,277,3,5
2010-09-13 00:00:00,2010-09-19 00:00:00,0.007954054792373473,341,4,7
2010-09-06 00:00:00,2010-09-12 00:00:00,0.018169492910773785,248,8,4
2010-08-30 00:00:00,2010-09-05 00:00:00,0.016344684326587967,358,5,2
2010-08-23 00:00:00,2010-08-29 00:00:00,0.002957405719540215,404,5,11
2010-08-16 00:00:00,2010-08-22 00:00:00,-0.0014231005429400881,339,5,4
2010-08-09 00:00:00,2010-08-15 00:00:00,0.00649064958572921,344,2,14
2010-08-02 00:00:00,2010-08-08 00:00:00,0.007387256167893649,328,7,7
2010-07-26 00:00:00,2010-08-01 00:00:00,0.016048904016872634,366,5,9
2010-07-19 00:00:00,2010-07-25 00:00:00,-0.004883001694309721,300,2,10
2010-07-12 00:00:00,2010-07-18 00:00:00,-0.00446324721797482,307,3,14
2010-07-05 00:00:00,2010-07-11 00:00:00,0.0021041777085624384,337,5,13
2010-06-28 00:00:00,2010-07-04 00:00:00,0.022969309022247603,358,7,9
2010-06-21 00:00:00,2010-06-27 00:00:00,0.008040479269104825,336,7,11
2010-06-14 00:00:00,2010-06-20 00:00:00,-9.916468308685713e-05,373,1,12
2010-06-07 00:00:00,2010-06-13 00:00:00,0.024070987180899107,319,3,7
2010-05-31 00:00:00,2010-06-06 00:00:00,-0.007871449312346334,505,3,11
2010-05-24 00:00:00,2010-05-30 00:00:00,0.019745167023095228,400,7,4
2010-05-17 00:00:00,2010-05-23 00:00:00,0.019908506432018528,362,2,5
2010-05-10 00:00:00,2010-05-16 00:00:00,0.018607525523033713,310,2,11
2010-05-03 00:00:00,2010-05-09 00:00:00,0.0037319358148707603,258,2,13
2010-04-26 00:00:00,2010-05-02 00:00:00,0.01902901286557437,348,5,10
2010-04-19 00:00:00,2010-04-25 00:00:00,-0.0003306733572488861,354,0,12
2010-04-12 00:00:00,2010-04-18 00:00:00,0.0015771216439759428,325,3,6
2010-04-05 00:00:00,2010-04-11 00:00:00,0.015598344966444225,248,4,8
2010-03-29 00:00:00,2010-04-04 00:00:00,0.02379263863920866,292,3,8
2010-03-22 00:00:00,2010-03-28 00:00:00,0.012610685494210985,299,3,3
2010-03-15 00:00:00,2010-03-21 00:00:00,0.01704654234799501,366,5,7
2010-03-08 00:00:00,2010-03-14 00:00:00,0.0315325154391586,391,2,4
2010-03-01 00:00:00,2010-03-07 00:00:00,0.004957541230371209,478,4,14
2010-02-22 00:00:00,2010-02-28 00:00:00,0.004619211650441591,393,2,10
2010-02-15 00:00:00,2010-02-21 00:00:00,0.0006261514263407228,351,3,14
2010-02-08 00:00:00,2010-02-14 00:00:00,0.010523388101357853,480,4,11
2010-02-01 00:00:00,2010-02-07 00:00:00,0.0042834584910373475,354,2,10
2010-01-25 00:00:00,2010-01-31 00:00:00,0.002040055391159807,260,2,4
2010-01-18 00:00:00,2010-01-24 00:00:00,0.006711835560589927,313,2,6
2010-01-11 00:00:00,2010-01-17 00:00:00,0.0011070742828133923,290,1,3
2010-01-04 00:00:00,2010-01-10 00:00:00,0.014500018702236704,309,2,4
2009-12-28 00:00:00,2010-01-03 00:00:00,0.012170577127109401,287,2,3
2009-12-21 00:00:00,2009-12-27 00:00:00,-0.003941318552117621,278,2,16
2009-12-14 00:00:00,2009-12-20 00:00:00,0.012078774741600616,523,3,14
2009-12-07 00:00:00,2009-12-13 00:00:00,0.00982755147959612,314,2,10
2009-11-30 00:00:00,2009-12-06 00:00:00,0.010582196041941643,392,6,2
2009-11-23 00:00:00,2009-11-29 00:00:00,0.022018167156850812,196,8,4
2009-11-16 00:00:00,2009-11-22 00:00:00,0.017242548463404225,180,1,5
2009-11-09 00:00:00,2009-11-15 00:00:00,0.01527272404740885,290,1,5
2009-11-02 00:00:00,2009-11-08 00:00:00,0.002947555119601584,272,2,6
2009-10-26 00:00:00,2009-11-01 00:00:00,0.0025657951212910914,176,2,4
2009-10-19 00:00:00,2009-10-25 00:00:00,0.01956742213940688,336,4,11
2009-10-12 00:00:00,2009-10-18 00:00:00,0.01733866080670611,287,4,8
2009-10-05 00:00:00,2009-10-11 00:00:00,0.009098099919314357,278,6,10
2009-09-28 00:00:00,2009-10-04 00:00:00,0.009343843791767363,373,4,11
2009-09-21 00:00:00,2009-09-27 00:00:00,0.0007772499365693612,315,5,10
2009-09-14 00:00:00,2009-09-20 00:00:00,-0.0016535681486369266,299,2,12
2009-09-07 00:00:00,2009-09-13 00:00:00,0.009052447132324226,285,2,4
2009-08-31 00:00:00,2009-09-06 00:00:00,0.00780982710791638,281,3,7
2009-08-24 00:00:00,2009-08-30 00:00:00,0.012792765786182169,317,3,5
2009-08-17 00:00:00,2009-08-23 00:00:00,0.009291151211827966,294,2,21
2009-08-10 00:00:00,2009-08-16 00:00:00,0.0053168145570671186,229,1,10
2009-08-03 00:00:00,2009-08-09 00:00:00,-0.010223261834766744,295,4,7
2009-07-27 00:00:00,2009-08-02 00:00:00,0.001979663856601078,318,5,16
2009-07-20 00:00:00,2009-07-26 00:00:00,0.004231361826513983,275,1,8
2009-07-13 00:00:00,2009-07-19 00:00:00,0.00894918163754394,392,2,5
2009-07-06 00:00:00,2009-07-12 00:00:00,0.0339821674363206,289,2,12
2009-06-29 00:00:00,2009-07-05 00:00:00,0.021660270899073363,354,3,5
2009-06-22 00:00:00,2009-06-28 00:00:00,0.01578546495074811,289,4,3
2009-06-15 00:00:00,2009-06-21 00:00:00,0.029585996509907977,337,5,7
2009-06-08 00:00:00,2009-06-14 00:00:00,0.02637205129994287,233,2,2
2009-06-01 00:00:00,2009-06-07 00:00:00,0.0070751980618313625,189,3,5
2009-05-25 00:00:00,2009-05-31 00:00:00,0.020951009260192697,359,2,5
2009-05-18 00:00:00,2009-05-24 00:00:00,0.015375808976065908,217,6,5
2009-05-11 00:00:00,2009-05-17 00:00:00,0.02557074109343314,296,3,8
2009-05-04 00:00:00,2009-05-10 00:00:00,0.0062006450020327866,379,2,14
2009-04-27 00:00:00,2009-05-03 00:00:00,0.010746765151365741,290,3,4
2009-04-20 00:00:00,2009-04-26 00:00:00,-0.0035564820013237845,297,5,6
2009-04-13 00:00:00,2009-04-19 00:00:00,-0.0050654175135327216,406,7,7
2009-04-06 00:00:00,2009-04-12 00:00:00,0.016529677730829768,310,4,7
2009-03-30 00:00:00,2009-04-05 00:00:00,0.025260245855761705,217,2,7
2009-03-23 00:00:00,2009-03-29 00:00:00,0.02558242762978975,251,5,3
2009-03-16 00:00:00,2009-03-22 00:00:00,0.013658796101618227,338,9,4
2009-03-09 00:00:00,2009-03-15 00:00:00,0.015412917312824763,385,5,8
2009-03-02 00:00:00,2009-03-08 00:00:00,0.009560070760642693,311,4,5
2009-02-23 00:00:00,2009-03-01 00:00:00,0.01298656116406868,181,3,4
2009-02-16 00:00:00,2009-02-22 00:00:00,0.024385255753391347,253,2,2
2009-02-09 00:00:00,2009-02-15 00:00:00,0.01852670097602795,272,1,7
2009-02-02 00:00:00,2009-02-08 00:00:00,0.01667592919202192,246,1,5
2009-01-26 00:00:00,2009-02-01 00:00:00,0.01997525945703846,187,2,7
2009-01-19 00:00:00,2009-01-25 00:00:00,0.015092076999148062,222,2,5
2009-01-12 00:00:00,2009-01-18 00:00:00,0.016831867787022406,281,6,7
2009-01-05 00:00:00,2009-01-11 00:00:00,0.021254276637036173,182,1,8
2008-12-29 00:00:00,2009-01-04 00:00:00,0.0005751667379451141,268,2,4
2008-12-22 00:00:00,2008-12-28 00:00:00,0.028269716259235692,334,3,4
2008-12-15 00:00:00,2008-12-21 00:00:00,0.007579760761072599,306,1,4
2008-12-08 00:00:00,2008-12-14 00:00:00,0.015772218764764527,239,5,6
2008-12-01 00:00:00,2008-12-07 00:00:00,0.026078111924344474,223,5,5
2008-11-24 00:00:00,2008-11-30 00:00:00,0.007650151352689401,263,3,3
2008-11-17 00:00:00,2008-11-23 00:00:00,0.008843799683388484,298,6,2
2008-11-10 00:00:00,2008-11-16 00:00:00,0.02275123872263356,254,0,2
2008-11-03 00:00:00,2008-11-09 00:00:00,0.014481147117476213,240,3,6
2008-10-27 00:00:00,2008-11-02 00:00:00,0.022987299392442633,382,4,7
2008-10-20 00:00:00,2008-10-26 00:00:00,0.008949803952277385,224,2,2
2008-10-13 00:00:00,2008-10-19 00:00:00,-0.002081808192949546,241,4,8
2008-10-06 00:00:00,2008-10-12 00:00:00,0.0038309108276059706,334,2,7
2008-09-29 00:00:00,2008-10-05 00:00:00,-0.0064847216616245465,363,3,16
2008-09-22 00:00:00,2008-09-28 00:00:00,0.021540853667324375,246,4,7
2008-09-15 00:00:00,2008-09-21 00:00:00,0.015927138106603497,348,2,5
2008-09-08 00:00:00,2008-09-14 00:00:00,0.007402615534898559,307,3,9
2008-09-01 00:00:00,2008-09-07 00:00:00,0.01839771826071505,340,4,6
2008-08-25 00:00:00,2008-08-31 00:00:00,0.004743161540709828,309,7,12
2008-08-18 00:00:00,2008-08-24 00:00:00,0.004815750146641432,423,7,8
2008-08-11 00:00:00,2008-08-17 00:00:00,0.011543966451262594,405,2,7
2008-08-04 00:00:00,2008-08-10 00:00:00,0.01700457149635754,262,6,8
2008-07-28 00:00:00,2008-08-03 00:00:00,-0.004464645786387736,408,2,25
2008-07-21 00:00:00,2008-07-27 00:00:00,0.01376572027698173,433,9,7
2008-07-14 00:00:00,2008-07-20 00:00:00,0.014935792075039749,358,4,9
2008-07-07 00:00:00,2008-07-13 00:00:00,0.0027937285923508295,381,3,8
2008-06-30 00:00:00,2008-07-06 00:00:00,0.018089636162530814,413,7,3
2008-06-23 00:00:00,2008-06-29 00:00:00,0.015072345272746604,280,4,7
2008-06-16 00:00:00,2008-06-22 00:00:00,0.028011130264204452,367,9,7
2008-06-09 00:00:00,2008-06-15 00:00:00,0.030795794053008706,361,2,5
2008-06-02 00:00:00,2008-06-08 00:00:00,0.011985225999445641,471,3,8
2008-05-26 00:00:00,2008-06-01 00:00:00,0.009773229632058778,432,4,10
2008-05-19 00:00:00,2008-05-25 00:00:00,0.010023853111687537,418,1,10
2008-05-12 00:00:00,2008-05-18 00:00:00,0.020613875436952887,404,7,10
2008-05-05 00:00:00,2008-05-11 00:00:00,0.010591047485098625,418,1,7
2008-04-28 00:00:00,2008-05-04 00:00:00,0.0004143992657794986,405,2,8
2008-04-21 00:00:00,2008-04-27 00:00:00,0.012482223153574867,443,4,6
2008-04-14 00:00:00,2008-04-20 00:00:00,0.006309822121553365,354,2,9
2008-04-07 00:00:00,2008-04-13 00:00:00,0.012268903802652827,445,7,6
2008-03-31 00:00:00,2008-04-06 00:00:00,0.023467997876629672,329,5,6
2008-03-24 00:00:00,2008-03-30 00:00:00,0.016178576219925488,190,3,5
2008-03-17 00:00:00,2008-03-23 00:00:00,0.021319580662781976,314,1,4
2008-03-10 00:00:00,2008-03-16 00:00:00,-0.014135282128873928,339,3,13
2008-03-03 00:00:00,2008-03-09 00:00:00,0.022158408819182244,433,6,6
2008-02-25 00:00:00,2008-03-02 00:00:00,0.013368949072174452,355,6,10
2008-02-18 00:00:00,2008-02-24 00:00:00,0.017323603478692894,415,3,10
2008-02-11 00:00:00,2008-02-17 00:00:00,-0.009388037429748673,398,5,14
2008-02-04 00:00:00,2008-02-10 00:00:00,0.005193103941071906,380,4,10
2008-01-28 00:00:00,2008-02-03 00:00:00,-0.0027241214414543183,271,6,9
2008-01-21 00:00:00,2008-01-27 00:00:00,0.02036777380762834,279,5,12
2008-01-14 00:00:00,2008-01-20 00:00:00,0.01883208298263327,218,2,3
2008-01-07 00:00:00,2008-01-13 00:00:00,0.01443073449676365,275,4,9
2007-12-31 00:00:00,2008-01-06 00:00:00,0.016687804843494893,370,1,8
2007-12-24 00:00:00,2007-12-30 00:00:00,0.012828104194077372,216,4,9
2007-12-17 00:00:00,2007-12-23 00:00:00,0.0006576899865768507,245,6,7
2007-12-10 00:00:00,2007-12-16 00:00:00,0.01861404071087813,432,5,9
2007-12-03 00:00:00,2007-12-09 00:00:00,0.0058524132900068465,441,3,7
2007-11-26 00:00:00,2007-12-02 00:00:00,-0.005635779780705502,233,3,7
2007-11-19 00:00:00,2007-11-25 00:00:00,0.001475306919642857,300,1,12
2007-11-12 00:00:00,2007-11-18 00:00:00,0.022767007664443253,305,12,14
2007-11-05 00:00:00,2007-11-11 00:00:00,0.009812730344419419,322,5,8
2007-10-29 00:00:00,2007-11-04 00:00:00,0.007003011644739662,351,3,8
2007-10-22 00:00:00,2007-10-28 00:00:00,0.0181502846991626,298,7,3
2007-10-15 00:00:00,2007-10-21 00:00:00,0.004415172198486855,514,5,10
2007-10-08 00:00:00,2007-10-14 00:00:00,0.009386835800250992,451,8,14
2007-10-01 00:00:00,2007-10-07 00:00:00,0.01024710275248536,393,4,9
2007-09-24 00:00:00,2007-09-30 00:00:00,-0.01250706418986094,390,4,9
2007-09-17 00:00:00,2007-09-23 00:00:00,-0.004971148287666831,442,4,22
2007-09-10 00:00:00,2007-09-16 00:00:00,-0.004035964285253755,399,4,11
2007-09-03 00:00:00,2007-09-09 00:00:00,0.010782392532757744,364,0,9
2007-08-27 00:00:00,2007-09-02 00:00:00,-0.0065633476554484765,265,6,10
2007-08-20 00:00:00,2007-08-26 00:00:00,0.027034730675752287,336,3,4
2007-08-13 00:00:00,2007-08-19 00:00:00,0.018660062386642425,407,6,6
2007-08-06 00:00:00,2007-08-12 00:00:00,0.005562573552741152,340,3,5
2007-07-30 00:00:00,2007-08-05 00:00:00,0.007351788641244639,278,1,12
2007-07-23 00:00:00,2007-07-29 00:00:00,0.01000737291144333,288,5,8
2007-07-16 00:00:00,2007-07-22 00:00:00,-0.0027607922659843185,347,4,13
2007-07-09 00:00:00,2007-07-15 00:00:00,-0.0010233911527330218,364,6,13
2007-07-02 00:00:00,2007-07-08 00:00:00,0.010262333100138146,279,3,8
2007-06-25 00:00:00,2007-07-01 00:00:00,0.024501983202905347,202,1,6
2007-06-18 00:00:00,2007-06-24 00:00:00,-0.0027822026839623083,500,8,8
2007-06-11 00:00:00,2007-06-17 00:00:00,0.014467335213881952,365,7,19
2007-06-04 00:00:00,2007-06-10 00:00:00,0.016641424958559456,340,2,7
2007-05-28 00:00:00,2007-06-03 00:00:00,0.024009451609490858,330,3,6
2007-05-21 00:00:00,2007-05-27 00:00:00,0.003722852939579191,256,7,1
2007-05-14 00:00:00,2007-05-20 00:00:00,0.02003222907286064,406,4,7
2007-05-07 00:00:00,2007-05-13 00:00:00,0.012276424526596623,481,6,14
2007-04-30 00:00:00,2007-05-06 00:00:00,0.002995375611917655,216,4,2
2007-04-23 00:00:00,2007-04-29 00:00:00,-0.017931966487311764,460,7,22
2007-04-16 00:00:00,2007-04-22 00:00:00,0.011756053545336792,451,7,7
2007-04-09 00:00:00,2007-04-15 00:00:00,0.007883119762921335,337,2,12
2007-04-02 00:00:00,2007-04-08 00:00:00,0.0005267890950957908,393,4,7
2007-03-26 00:00:00,2007-04-01 00:00:00,0.010073665164314068,347,6,11
2007-03-19 00:00:00,2007-03-25 00:00:00,-0.009305613119258465,422,3,17
2007-03-12 00:00:00,2007-03-18 00:00:00,0.010372729242713714,383,5,13
2007-03-05 00:00:00,2007-03-11 00:00:00,0.009814754378323147,267,5,6
2007-02-26 00:00:00,2007-03-04 00:00:00,0.01413150376944682,538,3,8
2007-02-19 00:00:00,2007-02-25 00:00:00,0.005209164326432572,229,3,14
2007-02-12 00:00:00,2007-02-18 00:00:00,-0.009877393698199918,321,5,19
2007-02-05 00:00:00,2007-02-11 00:00:00,0.02209678555166797,254,3,4
2007-01-29 00:00:00,2007-02-04 00:00:00,0.01095621660448766,336,3,13
2007-01-22 00:00:00,2007-01-28 00:00:00,0.009555675117796975,514,6,21
2007-01-15 00:00:00,2007-01-21 00:00:00,0.004865924676456355,350,8,17
2007-01-08 00:00:00,2007-01-14 00:00:00,0.009334991713673673,252,2,7
2007-01-01 00:00:00,2007-01-07 00:00:00,0.01120462150327743,427,4,16
2006-12-25 00:00:00,2006-12-31 00:00:00,-0.011444483419001065,198,3,13
2006-12-18 00:00:00,2006-12-24 00:00:00,0.005526738190422514,332,1,7
2006-12-11 00:00:00,2006-12-17 00:00:00,0.0116820034814317,245,3,2
2006-12-04 00:00:00,2006-12-10 00:00:00,0.02406659149854453,275,1,7
2006-11-27 00:00:00,2006-12-03 00:00:00,0.013847500630566533,372,3,10
2006-11-20 00:00:00,2006-11-26 00:00:00,0.0017064459104162608,364,5,23
2006-11-13 00:00:00,2006-11-19 00:00:00,0.014750887789255358,284,3,4
2006-11-06 00:00:00,2006-11-12 00:00:00,0.03155743384905357,373,2,3
2006-10-30 00:00:00,2006-11-05 00:00:00,0.010210529143257447,324,4,7
2006-10-23 00:00:00,2006-10-29 00:00:00,0.01884912164682675,279,5,9
2006-10-16 00:00:00,2006-10-22 00:00:00,0.01579082360536315,206,3,3
2006-10-09 00:00:00,2006-10-15 00:00:00,0.007365027584114336,361,8,16
2006-10-02 00:00:00,2006-10-08 00:00:00,0.03690687734961592,428,4,14
2006-09-25 00:00:00,2006-10-01 00:00:00,0.018264261348573584,280,5,10
2006-09-18 00:00:00,2006-09-24 00:00:00,0.02753897761441257,260,4,3
2006-09-11 00:00:00,2006-09-17 00:00:00,0.006935363584172537,274,2,8
2006-09-04 00:00:00,2006-09-10 00:00:00,0.005191530132045348,333,3,10
2006-08-28 00:00:00,2006-09-03 00:00:00,0.009725503926945631,607,5,22
2006-08-21 00:00:00,2006-08-27 00:00:00,0.012786067796291191,389,3,9
2006-08-14 00:00:00,2006-08-20 00:00:00,0.000963762066543852,331,0,18
2006-08-07 00:00:00,2006-08-13 00:00:00,0.010322462641540095,527,7,23
2006-07-31 00:00:00,2006-08-06 00:00:00,0.003917305310537333,278,0,11
2006-07-24 00:00:00,2006-07-30 00:00:00,0.004976908365885417,231,3,7
2006-07-17 00:00:00,2006-07-23 00:00:00,0.005013952572012988,380,3,10
2006-07-10 00:00:00,2006-07-16 00:00:00,0.015049639242247611,383,0,17
2006-07-03 00:00:00,2006-07-09 00:00:00,0.010319509857005159,311,4,13
2006-06-26 00:00:00,2006-07-02 00:00:00,0.022083146798950067,362,2,24
2006-06-19 00:00:00,2006-06-25 00:00:00,0.02717257804464235,311,2,5
2006-06-12 00:00:00,2006-06-18 00:00:00,0.006654277016768748,361,1,5
2006-06-05 00:00:00,2006-06-11 00:00:00,0.008730339331108769,385,7,6
2006-05-29 00:00:00,2006-06-04 00:00:00,0.008152210134342211,312,4,7
2006-05-22 00:00:00,2006-05-28 00:00:00,0.016406440640187894,276,4,6
2006-05-15 00:00:00,2006-05-21 00:00:00,0.013643823815634693,279,5,16
2006-05-08 00:00:00,2006-05-14 00:00:00,0.026810842336498445,290,4,11
2006-05-01 00:00:00,2006-05-07 00:00:00,0.015420203130264312,252,1,11
2006-04-24 00:00:00,2006-04-30 00:00:00,0.013359862247861065,544,5,18
2006-04-17 00:00:00,2006-04-23 00:00:00,0.015516332523818305,649,15,20
2006-04-10 00:00:00,2006-04-16 00:00:00,0.0151397444535597,575,7,9
2006-04-03 00:00:00,2006-04-09 00:00:00,0.004617534623260717,751,5,19
2006-03-27 00:00:00,2006-04-02 00:00:00,0.004298040127288725,781,7,32
2006-03-20 00:00:00,2006-03-26 00:00:00,0.020577168787192967,658,5,15
2006-03-13 00:00:00,2006-03-19 00:00:00,0.015120163807779351,436,7,16
2006-03-06 00:00:00,2006-03-12 00:00:00,0.013941212619740009,520,7,9
2006-02-27 00:00:00,2006-03-05 00:00:00,0.021450140066343694,519,5,14
2006-02-20 00:00:00,2006-02-26 00:00:00,0.0011777223843958515,673,11,12
2006-02-13 00:00:00,2006-02-19 00:00:00,0.012943853432623996,407,10,19
2006-02-06 00:00:00,2006-02-12 00:00:00,0.02125680045903582,284,3,12
2006-01-30 00:00:00,2006-02-05 00:00:00,0.020930139710652402,406,7,6
2006-01-23 00:00:00,2006-01-29 00:00:00,0.015281073535426811,335,10,11
2006-01-16 00:00:00,2006-01-22 00:00:00,0.0062420231514056556,433,3,17
2006-01-09 00:00:00,2006-01-15 00:00:00,0.01087154469118928,268,3,5
2006-01-02 00:00:00,2006-01-08 00:00:00,-0.002201097007899361,362,4,10
2005-12-26 00:00:00,2006-01-01 00:00:00,0.026996734875400264,341,11,4
2005-12-19 00:00:00,2005-12-25 00:00:00,0.004821479426680744,428,10,10
2005-12-12 00:00:00,2005-12-18 00:00:00,0.008697955277714416,220,4,1
2005-12-05 00:00:00,2005-12-11 00:00:00,0.02809791589568448,220,7,10
2005-11-28 00:00:00,2005-12-04 00:00:00,0.023329164704653134,263,2,4
2005-11-21 00:00:00,2005-11-27 00:00:00,0.005664632643520981,310,4,7
2005-11-14 00:00:00,2005-11-20 00:00:00,0.008082414357711898,578,10,21
2005-11-07 00:00:00,2005-11-13 00:00:00,0.013792058303331713,485,3,11
2005-10-31 00:00:00,2005-11-06 00:00:00,0.01885714917534498,263,4,7
2005-10-24 00:00:00,2005-10-30 00:00:00,0.012211519872129354,357,5,15
2005-10-17 00:00:00,2005-10-23 00:00:00,0.011415922533109394,408,7,11
2005-10-10 00:00:00,2005-10-16 00:00:00,0.009843361761602146,570,4,17
2005-10-03 00:00:00,2005-10-09 00:00:00,-0.0003099394623281966,285,4,15
2005-09-26 00:00:00,2005-10-02 00:00:00,0.003873929520751605,362,5,8
2005-09-19 00:00:00,2005-09-25 00:00:00,0.006783220209952049,368,5,10
2005-09-12 00:00:00,2005-09-18 00:00:00,0.015303844079278067,506,12,12
2005-09-05 00:00:00,2005-09-11 00:00:00,0.01933434886369868,417,4,9
2005-08-29 00:00:00,2005-09-04 00:00:00,0.014434629479978159,378,4,6
2005-08-22 00:00:00,2005-08-28 00:00:00,0.0200525873605,317,4,12
2005-08-15 00:00:00,2005-08-21 00:00:00,0.02542467622745115,360,7,8
2005-08-08 00:00:00,2005-08-14 00:00:00,0.014939808512561893,365,2,9
2005-08-01 00:00:00,2005-08-07 00:00:00,0.003780205324776727,262,3,5
2005-07-25 00:00:00,2005-07-31 00:00:00,-5.5042576223872754e-05,365,5,13
2005-07-18 00:00:00,2005-07-24 00:00:00,0.016551695268642048,381,4,7
2005-07-11 00:00:00,2005-07-17 00:00:00,0.016718369118069253,370,11,11
2005-07-04 00:00:00,2005-07-10 00:00:00,0.013385752800099017,258,3,6
2005-06-27 00:00:00,2005-07-03 00:00:00,0.0067264509062474505,515,11,10
2005-06-20 00:00:00,2005-06-26 00:00:00,0.005065919638530053,336,3,6
2005-06-13 00:00:00,2005-06-19 00:00:00,0.022044177623866068,275,5,6
2005-06-06 00:00:00,2005-06-12 00:00:00,0.006973517905771706,454,6,18
2005-05-30 00:00:00,2005-06-05 00:00:00,0.005731300020727188,409,7,17
2005-05-23 00:00:00,2005-05-29 00:00:00,0.016196520351025215,368,3,10
2005-05-16 00:00:00,2005-05-22 00:00:00,0.02534611370281661,183,3,3
2005-05-09 00:00:00,2005-05-15 00:00:00,0.013193320124849962,456,0,23
2005-05-02 00:00:00,2005-05-08 00:00:00,0.015972311152834998,225,3,8
2005-04-25 00:00:00,2005-05-01 00:00:00,0.007527494407008222,537,10,19
2005-04-18 00:00:00,2005-04-24 00:00:00,0.008699606074713793,365,5,15
2005-04-11 00:00:00,2005-04-17 00:00:00,0.018002383290234302,506,9,15
2005-04-04 00:00:00,2005-04-10 00:00:00,0.01094044791880416,523,5,4
2005-03-28 00:00:00,2005-04-03 00:00:00,0.018698767484637738,720,10,22
2005-03-21 00:00:00,2005-03-27 00:00:00,0.008797150559412348,829,8,29
2005-03-14 00:00:00,2005-03-20 00:00:00,0.016713152331035906,552,13,25
2005-03-07 00:00:00,2005-03-13 00:00:00,0.02036374984861741,888,17,30
2005-02-28 00:00:00,2005-03-06 00:00:00,0.01343686931671332,608,6,17
2005-02-21 00:00:00,2005-02-27 00:00:00,0.0057798970423463695,520,9,30
2005-02-14 00:00:00,2005-02-20 00:00:00,0.02026873788085941,456,4,11
2005-02-07 00:00:00,2005-02-13 00:00:00,0.012521035940481285,565,7,13
2005-01-31 00:00:00,2005-02-06 00:00:00,0.011695736428714418,605,7,13
2005-01-24 00:00:00,2005-01-30 00:00:00,0.01737779027297358,720,8,14
2005-01-17 00:00:00,2005-01-23 00:00:00,0.018109958644360782,378,5,10
2005-01-10 00:00:00,2005-01-16 00:00:00,0.010848582743584726,713,9,15
2005-01-03 00:00:00,2005-01-09 00:00:00,0.009563435481026547,409,11,10
2004-12-27 00:00:00,2005-01-02 00:00:00,0.007946664531109003,539,15,18
2004-12-20 00:00:00,2004-12-26 00:00:00,0.0038413933671687115,435,3,9
2004-12-13 00:00:00,2004-12-19 00:00:00,0.020894580584329754,531,14,9
2004-12-06 00:00:00,2004-12-12 00:00:00,0.019963282502858955,432,6,6
2004-11-29 00:00:00,2004-12-05 00:00:00,0.015406610071584542,903,11,25
2004-11-22 00:00:00,2004-11-28 00:00:00,0.012102115031460636,569,2,10
2004-11-15 00:00:00,2004-11-21 00:00:00,0.024814451829125794,470,4,8
2004-11-08 00:00:00,2004-11-14 00:00:00,0.01950550382272047,496,5,10
2004-11-01 00:00:00,2004-11-07 00:00:00,0.00794706950647734,460,5,11
2004-10-25 00:00:00,2004-10-31 00:00:00,0.020407041675907015,609,7,6
2004-10-18 00:00:00,2004-10-24 00:00:00,0.008816896979479573,628,14,15
2004-10-11 00:00:00,2004-10-17 00:00:00,0.011352541242734533,444,5,9
2004-10-04 00:00:00,2004-10-10 00:00:00,0.01047033317039946,590,16,11
2004-09-27 00:00:00,2004-10-03 00:00:00,0.011945828974718737,582,4,10
2004-09-20 00:00:00,2004-09-26 00:00:00,0.0170245581692951,617,13,15
2004-09-13 00:00:00,2004-09-19 00:00:00,0.0034776241941924272,547,5,19
2004-09-06 00:00:00,2004-09-12 00:00:00,0.011492030839123172,529,10,14
2004-08-30 00:00:00,2004-09-05 00:00:00,0.01406168548248928,656,6,13
2004-08-23 00:00:00,2004-08-29 00:00:00,0.020107849328076428,737,9,20
2004-08-16 00:00:00,2004-08-22 00:00:00,0.023840130146394693,794,10,23
2004-08-09 00:00:00,2004-08-15 00:00:00,0.01351074446662924,645,9,17
2004-08-02 00:00:00,2004-08-08 00:00:00,0.016004769229245364,663,10,10
2004-07-26 00:00:00,2004-08-01 00:00:00,0.023988035831828337,977,10,21
2004-07-19 00:00:00,2004-07-25 00:00:00,0.018053083124230724,807,15,14
2004-07-12 00:00:00,2004-07-18 00:00:00,0.017332984980155147,989,18,30
2004-07-05 00:00:00,2004-07-11 00:00:00,0.005998055259968102,635,9,15
2004-06-28 00:00:00,2004-07-04 00:00:00,0.01684191310119053,556,6,9
2004-06-21 00:00:00,2004-06-27 00:00:00,0.010763267314786225,738,12,21
2004-06-14 00:00:00,2004-06-20 00:00:00,0.011994794680037552,588,10,24
2004-06-07 00:00:00,2004-06-13 00:00:00,0.011482261063940865,700,11,13
2004-05-31 00:00:00,2004-06-06 00:00:00,0.008109537028460274,586,9,11
2004-05-24 00:00:00,2004-05-30 00:00:00,0.006649974226839116,661,3,13
2004-05-17 00:00:00,2004-05-23 00:00:00,0.012806816726331799,834,9,42
2004-05-10 00:00:00,2004-05-16 00:00:00,0.003312443703051968,684,13,17
2004-05-03 00:00:00,2004-05-09 00:00:00,0.016058824118726386,612,7,16
2004-04-26 00:00:00,2004-05-02 00:00:00,0.010364913642247108,960,15,21
2004-04-19 00:00:00,2004-04-25 00:00:00,0.013894364896972175,850,11,11
2004-04-12 00:00:00,2004-04-18 00:00:00,0.009385175533341762,813,11,27
2004-04-05 00:00:00,2004-04-11 00:00:00,0.013535606070231796,665,7,18
2004-03-29 00:00:00,2004-04-04 00:00:00,0.010033849576068307,884,15,18
2004-03-22 00:00:00,2004-03-28 00:00:00,0.007003319788112926,797,6,34
2004-03-15 00:00:00,2004-03-21 00:00:00,0.0047928149477979255,1004,18,43
2004-03-08 00:00:00,2004-03-14 00:00:00,0.006369611313685722,652,5,16
2004-03-01 00:00:00,2004-03-07 00:00:00,0.006141477418889585,591,6,22
2004-02-23 00:00:00,2004-02-29 00:00:00,0.0005113264063190893,693,9,32
2004-02-16 00:00:00,2004-02-22 00:00:00,0.0147261679343616,788,6,13
2004-02-09 00:00:00,2004-02-15 00:00:00,0.015547228078213921,654,16,15
2004-02-02 00:00:00,2004-02-08 00:00:00,0.007555162713309357,968,11,22
2004-01-26 00:00:00,2004-02-01 00:00:00,0.014924837222380543,581,9,21
2004-01-19 00:00:00,2004-01-25 00:00:00,0.010661757475560661,777,10,28
2004-01-12 00:00:00,2004-01-18 00:00:00,0.016513684278550222,874,17,19
2004-01-05 00:00:00,2004-01-11 00:00:00,0.01731894571243766,767,12,18
2003-12-29 00:00:00,2004-01-04 00:00:00,0.006732453403367785,573,8,10
2003-12-22 00:00:00,2003-12-28 00:00:00,0.010666407509145333,750,7,16
2003-12-15 00:00:00,2003-12-21 00:00:00,0.019589145179735264,708,9,20
2003-12-08 00:00:00,2003-12-14 00:00:00,0.011807035427416011,773,8,14
2003-12-01 00:00:00,2003-12-07 00:00:00,0.004579557832221142,715,9,13
2003-11-24 00:00:00,2003-11-30 00:00:00,0.016922130416041088,740,6,16
2003-11-17 00:00:00,2003-11-23 00:00:00,0.014966005171192539,745,10,20
2003-11-10 00:00:00,2003-11-16 00:00:00,0.005652648723061876,699,5,15
2003-11-03 00:00:00,2003-11-09 00:00:00,0.016810425893662342,714,10,17
2003-10-27 00:00:00,2003-11-02 00:00:00,0.009465268389530082,713,10,18
2003-10-20 00:00:00,2003-10-26 00:00:00,0.012595387205187979,871,17,21
2003-10-13 00:00:00,2003-10-19 00:00:00,0.014530403195108147,697,9,24
2003-10-06 00:00:00,2003-10-12 00:00:00,0.006637752581320391,632,12,11
2003-09-29 00:00:00,2003-10-05 00:00:00,0.0021324351198502597,607,6,14
2003-09-22 00:00:00,2003-09-28 00:00:00,0.011003191471907644,803,9,46
2003-09-15 00:00:00,2003-09-21 00:00:00,0.016980920450235564,978,20,37
2003-09-08 00:00:00,2003-09-14 00:00:00,0.017888377057850634,842,8,21
2003-09-01 00:00:00,2003-09-07 00:00:00,0.010424318134291274,602,6,13
2003-08-25 00:00:00,2003-08-31 00:00:00,0.015771639605432864,670,9,20
2003-08-18 00:00:00,2003-08-24 00:00:00,0.006747792786875546,740,10,20
2003-08-11 00:00:00,2003-08-17 00:00:00,0.009579489301301614,917,13,26
2003-08-04 00:00:00,2003-08-10 00:00:00,0.00631203334358925,698,11,24
2003-07-28 00:00:00,2003-08-03 00:00:00,0.005508118547142915,737,5,28
2003-07-21 00:00:00,2003-07-27 00:00:00,0.01947905504690222,714,18,12
2003-07-14 00:00:00,2003-07-20 00:00:00,0.01959429497340636,806,19,12
2003-07-07 00:00:00,2003-07-13 00:00:00,0.003774263282645897,680,10,17
2003-06-30 00:00:00,2003-07-06 00:00:00,0.002517338804241427,608,5,23
2003-06-23 00:00:00,2003-06-29 00:00:00,0.009707634054978754,665,8,10
2003-06-16 00:00:00,2003-06-22 00:00:00,0.0027064623859279872,620,6,10
2003-06-09 00:00:00,2003-06-15 00:00:00,0.010640899392172944,617,8,21
2003-06-02 00:00:00,2003-06-08 00:00:00,0.009818049387363642,813,10,22
2003-05-26 00:00:00,2003-06-01 00:00:00,0.02024003634841395,586,10,12
2003-05-19 00:00:00,2003-05-25 00:00:00,0.00705074452670832,681,6,25
2003-05-12 00:00:00,2003-05-18 00:00:00,0.005214747236889365,745,8,26
2003-05-05 00:00:00,2003-05-11 00:00:00,0.015536129845621104,608,9,19
2003-04-28 00:00:00,2003-05-04 00:00:00,0.008794999555855831,896,11,22
2003-04-21 00:00:00,2003-04-27 00:00:00,0.0035590876760352758,606,7,16
2003-04-14 00:00:00,2003-04-20 00:00:00,0.001005585333221948,709,4,24
2003-04-07 00:00:00,2003-04-13 00:00:00,0.0052855315659727665,1042,26,34
2003-03-31 00:00:00,2003-04-06 00:00:00,0.0064139849983958115,857,10,19
2003-03-24 00:00:00,2003-03-30 00:00:00,0.005413571082085778,957,12,42
2003-03-17 00:00:00,2003-03-23 00:00:00,0.010361915300460692,656,12,19
2003-03-10 00:00:00,2003-03-16 00:00:00,0.005719618120220161,623,6,12
2003-03-03 00:00:00,2003-03-09 00:00:00,0.014162383132028264,741,15,17
2003-02-24 00:00:00,2003-03-02 00:00:00,0.009446611845491176,528,7,12
2003-02-17 00:00:00,2003-02-23 00:00:00,0.006448462820016358,762,9,21
2003-02-10 00:00:00,2003-02-16 00:00:00,0.0022990913527116057,704,7,16
2003-02-03 00:00:00,2003-02-09 00:00:00,0.014427223611355317,713,15,25
2003-01-27 00:00:00,2003-02-02 00:00:00,0.019541167633036392,682,10,18
2003-01-20 00:00:00,2003-01-26 00:00:00,0.004218945376721134,637,6,17
2003-01-13 00:00:00,2003-01-19 00:00:00,0.003472755562709554,734,7,39
2003-01-06 00:00:00,2003-01-12 00:00:00,0.013958342304566152,724,3,9
2002-12-30 00:00:00,2003-01-05 00:00:00,0.010620159293484453,699,12,22
2002-12-23 00:00:00,2002-12-29 00:00:00,0.012844725677356108,559,9,14
2002-12-16 00:00:00,2002-12-22 00:00:00,0.0012158793074005065,667,11,25
2002-12-09 00:00:00,2002-12-15 00:00:00,0.009799352338754194,705,13,11
2002-12-02 00:00:00,2002-12-08 00:00:00,0.012957119725242359,634,6,8
2002-11-25 00:00:00,2002-12-01 00:00:00,0.00874101557967771,460,6,6
2002-11-18 00:00:00,2002-11-24 00:00:00,0.006084290608393021,667,13,18
2002-11-11 00:00:00,2002-11-17 00:00:00,0.030538349948544444,551,10,12
2002-11-04 00:00:00,2002-11-10 00:00:00,0.011892605174470763,891,18,21
2002-10-28 00:00:00,2002-11-03 00:00:00,0.009156324948755103,866,6,24
2002-10-21 00:00:00,2002-10-27 00:00:00,0.003351644095433878,575,12,4
2002-10-14 00:00:00,2002-10-20 00:00:00,0.005953248501834223,473,7,16
2002-10-07 00:00:00,2002-10-13 00:00:00,0.002089681676292711,688,8,18
2002-09-30 00:00:00,2002-10-06 00:00:00,0.007320274058112361,555,5,14
2002-09-23 00:00:00,2002-09-29 00:00:00,0.014837817834117778,513,11,16
2002-09-16 00:00:00,2002-09-22 00:00:00,0.013882689008311489,537,8,13
2002-09-09 00:00:00,2002-09-15 00:00:00,0.00821866196665211,746,7,21
2002-09-02 00:00:00,2002-09-08 00:00:00,0.008599978013476747,540,8,11
2002-08-26 00:00:00,2002-09-01 00:00:00,0.007833824104881247,632,5,15
2002-08-19 00:00:00,2002-08-25 00:00:00,0.02309904706171536,726,16,10
2002-08-12 00:00:00,2002-08-18 00:00:00,0.00129780740376776,938,7,21
2002-08-05 00:00:00,2002-08-11 00:00:00,-0.010931385792521772,431,2,9
2002-07-29 00:00:00,2002-08-04 00:00:00,0.012033220154162654,661,10,10
2002-07-22 00:00:00,2002-07-28 00:00:00,0.023613842713058632,721,9,12
2002-07-15 00:00:00,2002-07-21 00:00:00,0.019360081759737018,764,13,15
2002-07-08 00:00:00,2002-07-14 00:00:00,0.005810002566217173,875,16,33
2002-07-01 00:00:00,2002-07-07 00:00:00,-0.0008888328053485279,844,12,16
2002-06-24 00:00:00,2002-06-30 00:00:00,0.01822288839709489,679,11,13
2002-06-17 00:00:00,2002-06-23 00:00:00,0.014977804200519793,696,6,5
2002-06-10 00:00:00,2002-06-16 00:00:00,0.005297585661866687,800,3,14
2002-06-03 00:00:00,2002-06-09 00:00:00,0.010084447008793013,611,6,12
2002-05-27 00:00:00,2002-06-02 00:00:00,0.002508541298802026,710,13,11
2002-05-20 00:00:00,2002-05-26 00:00:00,0.011080874588927418,698,6,34
2002-05-13 00:00:00,2002-05-19 00:00:00,0.011236818895897885,685,5,19
2002-05-06 00:00:00,2002-05-12 00:00:00,0.007957332408092033,642,10,22
2002-04-29 00:00:00,2002-05-05 00:00:00,0.00490684275974452,709,13,21
2002-04-22 00:00:00,2002-04-28 00:00:00,0.011624086510187284,675,12,25
2002-04-15 00:00:00,2002-04-21 00:00:00,0.010151498480704249,722,9,19
2002-04-08 00:00:00,2002-04-14 00:00:00,0.005880917455832687,518,7,6
2002-04-01 00:00:00,2002-04-07 00:00:00,0.014325405908667608,558,9,25
2002-03-25 00:00:00,2002-03-31 00:00:00,0.01416986415758307,594,6,8
2002-03-18 00:00:00,2002-03-24 00:00:00,0.004525679317566998,689,11,25
2002-03-11 00:00:00,2002-03-17 00:00:00,0.007241211195398664,720,10,26
2002-03-04 00:00:00,2002-03-10 00:00:00,-0.0037619385199921113,626,8,13
2002-02-25 00:00:00,2002-03-03 00:00:00,0.005108081097288495,911,12,28
2002-02-18 00:00:00,2002-02-24 00:00:00,0.02207037702041395,749,13,34
2002-02-11 00:00:00,2002-02-17 00:00:00,-0.00860470888922636,696,7,24
2002-02-04 00:00:00,2002-02-10 00:00:00,0.01721653291947812,601,13,25
2002-01-28 00:00:00,2002-02-03 00:00:00,0.013081241976767433,614,9,26
2002-01-21 00:00:00,2002-01-27 00:00:00,0.01475027279941865,610,9,17
2002-01-14 00:00:00,2002-01-20 00:00:00,0.011631061934969662,729,10,21
2002-01-07 00:00:00,2002-01-13 00:00:00,0.01666321376289182,703,14,26
2001-12-31 00:00:00,2002-01-06 00:00:00,0.024590719921836587,538,20,13
2001-12-24 00:00:00,2001-12-30 00:00:00,0.013581235313735668,536,4,9
2001-12-17 00:00:00,2001-12-23 00:00:00,0.011562858157787926,523,9,10
2001-12-10 00:00:00,2001-12-16 00:00:00,0.0032987580549754454,752,10,20
2001-12-03 00:00:00,2001-12-09 00:00:00,-0.00558235923158139,706,12,28
2001-11-26 00:00:00,2001-12-02 00:00:00,1.1423182722010928e-05,642,6,34
2001-11-19 00:00:00,2001-11-25 00:00:00,0.009687255572184516,708,10,22
2001-11-12 00:00:00,2001-11-18 00:00:00,-0.00777802900518931,425,8,11
2001-11-05 00:00:00,2001-11-11 00:00:00,0.0021149604096952317,590,6,27
2001-10-29 00:00:00,2001-11-04 00:00:00,0.005599476763416976,775,9,35
2001-10-22 00:00:00,2001-10-28 00:00:00,0.011886090704346337,670,6,16
2001-10-15 00:00:00,2001-10-21 00:00:00,0.008998363290885589,671,9,17
2001-10-08 00:00:00,2001-10-14 00:00:00,0.005021580564228512,777,12,29
2001-10-01 00:00:00,2001-10-07 00:00:00,0.007131493528807726,579,12,8
2001-09-24 00:00:00,2001-09-30 00:00:00,0.009618349466437293,622,7,22
2001-09-17 00:00:00,2001-09-23 00:00:00,0.009715871087689154,666,10,16
2001-09-10 00:00:00,2001-09-16 00:00:00,-0.004266580856772272,867,10,29
2001-09-03 00:00:00,2001-09-09 00:00:00,0.006635117440483392,873,12,15
2001-08-27 00:00:00,2001-09-02 00:00:00,0.009411365725227166,586,9,12
2001-08-20 00:00:00,2001-08-26 00:00:00,0.014566526556598718,676,9,21
2001-08-13 00:00:00,2001-08-19 00:00:00,0.007737127716804532,721,12,14
2001-08-06 00:00:00,2001-08-12 00:00:00,0.0037552816669755586,534,5,9
2001-07-30 00:00:00,2001-08-05 00:00:00,-0.001958519721781632,586,8,11
2001-07-23 00:00:00,2001-07-29 00:00:00,-0.0038348357624666267,662,7,11
2001-07-16 00:00:00,2001-07-22 00:00:00,0.02841501923005984,546,17,13
2001-07-09 00:00:00,2001-07-15 00:00:00,0.003448728694552573,577,8,20
2001-07-02 00:00:00,2001-07-08 00:00:00,0.011634664229580344,740,12,19
2001-06-25 00:00:00,2001-07-01 00:00:00,0.00802260557254857,782,9,18
2001-06-18 00:00:00,2001-06-24 00:00:00,0.006819185559735034,759,8,14
2001-06-11 00:00:00,2001-06-17 00:00:00,0.012814081327128427,614,8,14
2001-06-04 00:00:00,2001-06-10 00:00:00,0.009535087902621826,708,21,24
2001-05-28 00:00:00,2001-06-03 00:00:00,0.013454465922120344,591,6,22
2001-05-21 00:00:00,2001-05-27 00:00:00,0.009231511149128412,545,7,4
2001-05-14 00:00:00,2001-05-20 00:00:00,0.012926292568821243,722,7,13
2001-05-07 00:00:00,2001-05-13 00:00:00,0.002456665033348501,611,8,20
2001-04-30 00:00:00,2001-05-06 00:00:00,0.014595345545740202,539,6,12
2001-04-23 00:00:00,2001-04-29 00:00:00,0.008069654458284442,656,11,10
2001-04-16 00:00:00,2001-04-22 00:00:00,0.017917791110975318,532,9,16
2001-04-09 00:00:00,2001-04-15 00:00:00,0.00656528549431261,525,9,8
2001-04-02 00:00:00,2001-04-08 00:00:00,0.01744940685228474,616,8,11
2001-03-26 00:00:00,2001-04-01 00:00:00,0.015531641974765949,611,7,7
2001-03-19 00:00:00,2001-03-25 00:00:00,0.012246795790849257,587,9,15
2001-03-12 00:00:00,2001-03-18 00:00:00,2.8337704321379695e-05,711,6,19
2001-03-05 00:00:00,2001-03-11 00:00:00,0.0014836927707491834,679,5,11
2001-02-26 00:00:00,2001-03-04 00:00:00,0.01600208441572888,765,12,35
2001-02-19 00:00:00,2001-02-25 00:00:00,0.012886107938515046,589,8,8
2001-02-12 00:00:00,2001-02-18 00:00:00,0.006598616892831338,651,8,20
2001-02-05 00:00:00,2001-02-11 00:00:00,0.014567692519302528,592,7,16
2001-01-29 00:00:00,2001-02-04 00:00:00,0.007226755040701511,828,12,11
2001-01-22 00:00:00,2001-01-28 00:00:00,0.0008604669424877303,706,15,24
2001-01-15 00:00:00,2001-01-21 00:00:00,0.006149898586361543,721,12,27
2001-01-08 00:00:00,2001-01-14 00:00:00,0.003956032893243702,677,9,13
2001-01-01 00:00:00,2001-01-07 00:00:00,0.01064977645287152,628,11,28
2000-12-25 00:00:00,2000-12-31 00:00:00,0.002465680860729871,660,7,16
2000-12-18 00:00:00,2000-12-24 00:00:00,0.015713161012914697,509,12,12
2000-12-11 00:00:00,2000-12-17 00:00:00,-0.004332009199759943,781,4,32
2000-12-04 00:00:00,2000-12-10 00:00:00,0.0055939269974758935,852,2,51
2000-11-27 00:00:00,2000-12-03 00:00:00,0.002461653831076143,668,7,17
2000-11-20 00:00:00,2000-11-26 00:00:00,0.004226719241104273,708,4,21
2000-11-13 00:00:00,2000-11-19 00:00:00,0.018811284520268146,678,9,24
2000-11-06 00:00:00,2000-11-12 00:00:00,0.008724291651175053,843,11,33
2000-10-30 00:00:00,2000-11-05 00:00:00,0.015258091984549077,861,13,20
2000-10-23 00:00:00,2000-10-29 00:00:00,0.0072788921627061146,720,10,13
2000-10-16 00:00:00,2000-10-22 00:00:00,0.009448610910002367,690,10,23
2000-10-09 00:00:00,2000-10-15 00:00:00,-0.001814728120783836,809,14,32
2000-10-02 00:00:00,2000-10-08 00:00:00,0.005737345453584713,771,11,28
2000-09-25 00:00:00,2000-10-01 00:00:00,0.006891613393878147,777,14,32
2000-09-18 00:00:00,2000-09-24 00:00:00,0.014108718233089398,725,8,16
2000-09-11 00:00:00,2000-09-17 00:00:00,0.014591065437461703,548,14,16
2000-09-04 00:00:00,2000-09-10 00:00:00,-4.066279104623816e-05,838,10,13
2000-08-28 00:00:00,2000-09-03 00:00:00,0.017591345354738747,633,5,17
2000-08-21 00:00:00,2000-08-27 00:00:00,0.018614183572884493,568,7,12
2000-08-14 00:00:00,2000-08-20 00:00:00,0.002319336099501319,814,7,17
2000-08-07 00:00:00,2000-08-13 00:00:00,0.004657991448826808,762,7,17
2000-07-31 00:00:00,2000-08-06 00:00:00,7.895958265205216e-05,875,18,27
2000-07-24 00:00:00,2000-07-30 00:00:00,0.009042763088433794,807,11,32
2000-07-17 00:00:00,2000-07-23 00:00:00,0.005318331865934,692,10,21
2000-07-10 00:00:00,2000-07-16 00:00:00,0.007340223186008854,581,6,13
2000-07-03 00:00:00,2000-07-09 00:00:00,0.01472437305608075,685,8,8
2000-06-26 00:00:00,2000-07-02 00:00:00,0.003564441754994258,589,8,14
2000-06-19 00:00:00,2000-06-25 00:00:00,0.010963303337523074,727,9,20
2000-06-12 00:00:00,2000-06-18 00:00:00,0.007847519469744218,642,10,15
2000-06-05 00:00:00,2000-06-11 00:00:00,0.00692285510880099,740,8,27
2000-05-29 00:00:00,2000-06-04 00:00:00,0.005272911396601814,869,8,23
2000-05-22 00:00:00,2000-05-28 00:00:00,0.002817663522029251,771,7,39
2000-05-15 00:00:00,2000-05-21 00:00:00,0.013383145361717998,660,11,12
2000-05-08 00:00:00,2000-05-14 00:00:00,0.002264920582398257,645,8,18
2000-05-01 00:00:00,2000-05-07 00:00:00,0.015353137563329306,487,10,10
2000-04-24 00:00:00,2000-04-30 00:00:00,0.012727831051843169,819,8,21
2000-04-17 00:00:00,2000-04-23 00:00:00,0.015911720512871833,917,14,30
2000-04-10 00:00:00,2000-04-16 00:00:00,0.010239667661786528,898,8,20
2000-04-03 00:00:00,2000-04-09 00:00:00,0.0038233535070820476,846,8,34
2000-03-27 00:00:00,2000-04-02 00:00:00,0.0035644130914828137,731,15,11
2000-03-20 00:00:00,2000-03-26 00:00:00,0.014920902342884764,697,4,8
2000-03-13 00:00:00,2000-03-19 00:00:00,0.007817993926543539,614,6,17
2000-03-06 00:00:00,2000-03-12 00:00:00,0.014240015885112145,940,13,30
2000-02-28 00:00:00,2000-03-05 00:00:00,0.004862486385736749,595,13,16
2000-02-21 00:00:00,2000-02-27 00:00:00,0.006953288060672846,929,10,19
2000-02-14 00:00:00,2000-02-20 00:00:00,0.010884382182350856,727,7,10
2000-02-07 00:00:00,2000-02-13 00:00:00,0.007654566437689158,756,9,14
2000-01-31 00:00:00,2000-02-06 00:00:00,0.008558737408544258,893,8,25
2000-01-24 00:00:00,2000-01-30 00:00:00,0.017173001262584364,878,15,17
2000-01-17 00:00:00,2000-01-23 00:00:00,0.010549887981903296,738,11,16
2000-01-10 00:00:00,2000-01-16 00:00:00,0.01051187652745452,739,8,18
2000-01-03 00:00:00,2000-01-09 00:00:00,0.01196147639824741,517,5,11
1999-12-27 00:00:00,2000-01-02 00:00:00,0.007920336365063545,604,8,16
1999-12-20 00:00:00,1999-12-26 00:00:00,0.0017171028765472723,760,4,11
1999-12-13 00:00:00,1999-12-19 00:00:00,0.008370013326292726,727,9,13
1999-12-06 00:00:00,1999-12-12 00:00:00,0.006969556549827385,614,13,18
