2018-04-20 16:00:00,12.7000,12.7500,12.6500,12.7000,13731
2018-04-20 15:59:00,12.7500,12.8000,12.7000,12.7250,17860
2018-04-20 15:58:00,12.7250,12.7500,12.7000,12.7500,1400
2018-04-20 15:57:00,12.7000,12.7500,12.6750,12.7250,6736
2018-04-20 15:56:00,12.6750,12.7000,12.6750,12.7000,1900
2018-04-20 15:55:00,12.7000,12.7000,12.6750,12.6750,700
2018-04-20 15:54:00,12.6750,12.7000,12.6750,12.7000,900
2018-04-20 15:53:00,12.6500,12.7000,12.6500,12.6750,800
2018-04-20 15:52:00,12.7000,12.7000,12.6500,12.7000,1300
2018-04-20 15:51:00,12.7000,12.7000,12.7000,12.7000,700
2018-04-20 15:50:00,12.7000,12.7000,12.7000,12.7000,500
2018-04-20 15:49:00,12.6750,12.6750,12.6750,12.6750,316
2018-04-20 15:48:00,12.6750,12.7000,12.6750,12.6750,379
2018-04-20 15:47:00,12.7000,12.7000,12.7000,12.7000,100
2018-04-20 15:46:00,12.7000,12.7000,12.7000,12.7000,300
2018-04-20 15:45:00,12.7000,12.7000,12.7000,12.7000,400
2018-04-20 15:44:00,12.7000,12.7000,12.7000,12.7000,300
2018-04-20 15:43:00,12.7000,12.7000,12.6750,12.6750,400
2018-04-20 15:42:00,12.7000,12.7000,12.7000,12.7000,200
2018-04-20 15:40:00,12.6500,12.7000,12.6500,12.7000,2100
2018-04-20 15:39:00,12.6500,12.6500,12.6500,12.6500,100
2018-04-20 15:38:00,12.6500,12.6500,12.6500,12.6500,200
2018-04-20 15:37:00,12.6500,12.6500,12.6500,12.6500,100
2018-04-20 15:36:00,12.6500,12.6500,12.6500,12.6500,100
2018-04-20 15:34:00,12.6500,12.6500,12.6500,12.6500,100
2018-04-20 15:32:00,12.6500,12.6500,12.6500,12.6500,100
2018-04-20 15:30:00,12.6500,12.6500,12.6500,12.6500,100
2018-04-20 15:29:00,12.6500,12.6500,12.6500,12.6500,200
2018-04-20 15:26:00,12.6000,12.6250,12.6000,12.6250,2200
2018-04-20 15:25:00,12.6000,12.6000,12.6000,12.6000,100
2018-04-20 15:24:00,12.6000,12.6000,12.5500,12.5500,400
2018-04-20 15:22:00,12.6000,12.6000,12.5750,12.5750,200
2018-04-20 15:21:00,12.6000,12.6000,12.6000,12.6000,100
2018-04-20 15:20:00,12.6000,12.6000,12.6000,12.6000,200
2018-04-20 15:19:00,12.6000,12.6000,12.6000,12.6000,200
2018-04-20 15:18:00,12.6000,12.6000,12.6000,12.6000,100
2018-04-20 15:17:00,12.6000,12.6000,12.6000,12.6000,100
2018-04-20 15:16:00,12.6000,12.6000,12.6000,12.6000,100
2018-04-20 15:15:00,12.5750,12.6000,12.5750,12.6000,400
2018-04-20 15:14:00,12.6000,12.6000,12.6000,12.6000,100
2018-04-20 15:10:00,12.6000,12.6000,12.6000,12.6000,300
2018-04-20 15:08:00,12.5750,12.5750,12.5750,12.5750,300
2018-04-20 15:07:00,12.5750,12.5750,12.5750,12.5750,100
2018-04-20 15:06:00,12.6000,12.6000,12.6000,12.6000,100
2018-04-20 15:05:00,12.6000,12.6000,12.6000,12.6000,100
2018-04-20 15:00:00,12.6000,12.6500,12.6000,12.6500,300
2018-04-20 14:59:00,12.6000,12.6000,12.6000,12.6000,700
2018-04-20 14:56:00,12.5250,12.5500,12.5250,12.5500,900
2018-04-20 14:55:00,12.5500,12.5500,12.5250,12.5250,2500
2018-04-20 14:50:00,12.5750,12.5750,12.5750,12.5750,100
2018-04-20 14:44:00,12.6000,12.6000,12.6000,12.6000,100
2018-04-20 14:31:00,12.5500,12.5750,12.5500,12.5750,2900
2018-04-20 14:26:00,12.5000,12.5000,12.5000,12.5000,100
2018-04-20 14:25:00,12.5250,12.5250,12.5000,12.5000,250
2018-04-20 14:24:00,12.5000,12.5000,12.5000,12.5000,200
2018-04-20 14:23:00,12.5000,12.5000,12.5000,12.5000,100
2018-04-20 14:20:00,12.5000,12.5000,12.5000,12.5000,300
2018-04-20 14:18:00,12.5000,12.5000,12.5000,12.5000,500
2018-04-20 14:16:00,12.5000,12.5250,12.5000,12.5250,200
2018-04-20 14:15:00,12.5000,12.5000,12.5000,12.5000,200
2018-04-20 14:14:00,12.5000,12.5000,12.5000,12.5000,300
2018-04-20 14:13:00,12.5000,12.5250,12.5000,12.5000,11647
2018-04-20 14:12:00,12.5500,12.5500,12.5500,12.5500,100
2018-04-20 14:10:00,12.5500,12.5500,12.5000,12.5000,200
2018-04-20 14:09:00,12.5500,12.5500,12.5500,12.5500,100
2018-04-20 14:08:00,12.5500,12.5500,12.5500,12.5500,100
2018-04-20 14:07:00,12.5500,12.5500,12.5000,12.5000,200
2018-04-20 14:06:00,12.5500,12.5500,12.5500,12.5500,100
2018-04-20 14:05:00,12.5500,12.5500,12.5500,12.5500,100
2018-04-20 14:04:00,12.5500,12.6000,12.5250,12.5500,5300
2018-04-20 14:03:00,12.5500,12.5500,12.5500,12.5500,400
2018-04-20 14:02:00,12.5500,12.5750,12.5000,12.5500,14480
2018-04-20 14:01:00,12.6000,12.6000,12.5500,12.5500,5981
2018-04-20 13:53:00,12.6250,12.6500,12.6250,12.6500,1000
2018-04-20 13:52:00,12.6250,12.6250,12.6250,12.6250,100
2018-04-20 13:51:00,12.6500,12.6500,12.6250,12.6250,900
2018-04-20 13:50:00,12.6500,12.6500,12.6500,12.6500,300
2018-04-20 13:49:00,12.6500,12.7000,12.6500,12.7000,200
2018-04-20 13:48:00,12.6500,12.6500,12.6500,12.6500,100
2018-04-20 13:47:00,12.6500,12.6750,12.6500,12.6750,200
2018-04-20 13:46:00,12.6500,12.6750,12.6500,12.6750,200
2018-04-20 13:45:00,12.6750,12.6750,12.6750,12.6750,100
2018-04-20 13:44:00,12.6750,12.6750,12.6750,12.6750,100
2018-04-20 13:40:00,12.5750,12.6500,12.5750,12.6500,2500
2018-04-20 13:39:00,12.5750,12.5750,12.5750,12.5750,300
2018-04-20 13:38:00,12.5750,12.5750,12.5750,12.5750,100
2018-04-20 13:37:00,12.5750,12.5750,12.5750,12.5750,100
2018-04-20 13:36:00,12.5500,12.5750,12.5500,12.5750,300
2018-04-20 13:35:00,12.5750,12.5750,12.5500,12.5500,200
2018-04-20 13:34:00,12.6000,12.6000,12.6000,12.6000,500
2018-04-20 13:33:00,12.6000,12.6179,12.6000,12.6179,200
2018-04-20 13:31:00,12.6000,12.6000,12.6000,12.6000,200
2018-04-20 13:29:00,12.6000,12.6000,12.6000,12.6000,100
2018-04-20 13:24:00,12.6000,12.6000,12.5500,12.6000,1770
2018-04-20 13:23:00,12.6000,12.6000,12.6000,12.6000,800
2018-04-20 13:22:00,12.6000,12.6500,12.6000,12.6000,300
2018-04-20 13:21:00,12.6000,12.6000,12.6000,12.6000,200
2018-04-20 13:20:00,12.6000,12.6000,12.6000,12.6000,200
2018-04-20 13:19:00,12.6000,12.6000,12.6000,12.6000,100
2018-04-20 13:18:00,12.6000,12.6000,12.6000,12.6000,200
2018-04-20 13:17:00,12.6000,12.6000,12.6000,12.6000,100
2018-04-20 13:16:00,12.6000,12.6000,12.6000,12.6000,215
2018-04-20 13:15:00,12.6000,12.6000,12.6000,12.6000,200
2018-04-20 13:14:00,12.6000,12.6000,12.6000,12.6000,200
2018-04-20 13:13:00,12.6000,12.6000,12.6000,12.6000,100
2018-04-20 13:12:00,12.6000,12.6000,12.6000,12.6000,100
2018-04-20 13:10:00,12.6250,12.6250,12.6000,12.6000,200
2018-04-20 13:09:00,12.6000,12.6000,12.6000,12.6000,100
2018-04-20 13:08:00,12.6500,12.6500,12.6500,12.6500,100
2018-04-20 13:06:00,12.6500,12.6500,12.6500,12.6500,100
2018-04-20 13:05:00,12.7000,12.7000,12.6750,12.6750,4043
2018-04-20 13:03:00,12.7000,12.7000,12.7000,12.7000,100
2018-04-20 12:57:00,12.7250,12.7250,12.7250,12.7250,100
2018-04-20 12:54:00,12.7250,12.7250,12.7250,12.7250,100
2018-04-20 12:53:00,12.7250,12.7250,12.7250,12.7250,100
2018-04-20 12:52:00,12.7500,12.7500,12.7500,12.7500,100
2018-04-20 12:47:00,12.7250,12.7250,12.7250,12.7250,100
2018-04-20 12:43:00,12.7250,12.7250,12.7250,12.7250,100
2018-04-20 12:37:00,12.7300,12.7300,12.7000,12.7000,511
2018-04-20 12:36:00,12.7000,12.7500,12.7000,12.7500,2700
2018-04-20 12:32:00,12.6750,12.6750,12.6500,12.6500,200
2018-04-20 12:28:00,12.6500,12.6500,12.6500,12.6500,100
2018-04-20 12:27:00,12.6500,12.6500,12.6500,12.6500,100
2018-04-20 12:25:00,12.6500,12.6500,12.6500,12.6500,1500
2018-04-20 12:23:00,12.6500,12.6500,12.6500,12.6500,500
2018-04-20 12:22:00,12.6500,12.6500,12.6500,12.6500,300
2018-04-20 12:21:00,12.6750,12.6750,12.6750,12.6750,100
2018-04-20 12:20:00,12.7000,12.7000,12.6500,12.6500,2193
2018-04-20 12:19:00,12.7000,12.7250,12.7000,12.7000,300
2018-04-20 12:18:00,12.7000,12.7000,12.7000,12.7000,100
2018-04-20 12:17:00,12.7000,12.7000,12.7000,12.7000,200
2018-04-20 12:16:00,12.7500,12.8000,12.7500,12.7500,7373
2018-04-20 12:15:00,12.7500,12.7500,12.7500,12.7500,100
2018-04-20 12:10:00,12.7750,12.7750,12.7750,12.7750,100
2018-04-20 12:05:00,12.7500,12.7500,12.7500,12.7500,100
2018-04-20 11:56:00,12.7750,12.7750,12.7750,12.7750,100
2018-04-20 11:43:00,12.7750,12.8000,12.7750,12.7750,300
2018-04-20 11:36:00,12.8000,12.8000,12.7750,12.7750,2320
2018-04-20 11:31:00,12.7500,12.7500,12.7500,12.7500,403
2018-04-20 11:30:00,12.7750,12.7750,12.7750,12.7750,100
2018-04-20 11:27:00,12.7500,12.7500,12.7500,12.7500,100
2018-04-20 11:22:00,12.7500,12.7500,12.7500,12.7500,100
2018-04-20 11:21:00,12.7750,12.7750,12.7750,12.7750,404
2018-04-20 11:18:00,12.7750,12.7750,12.7750,12.7750,100
2018-04-20 11:17:00,12.7750,12.7750,12.7750,12.7750,200
2018-04-20 11:14:00,12.7750,12.7750,12.7750,12.7750,500
2018-04-20 11:11:00,12.7752,12.7752,12.7752,12.7752,400
2018-04-20 11:09:00,12.7750,12.7750,12.7750,12.7750,100
2018-04-20 11:04:00,12.7750,12.7750,12.7750,12.7750,100
2018-04-20 11:00:00,12.8000,12.8000,12.7500,12.7500,300
2018-04-20 10:58:00,12.7500,12.7500,12.7500,12.7500,200
2018-04-20 10:52:00,12.8250,12.8250,12.8000,12.8000,200
2018-04-20 10:50:00,12.8500,12.8500,12.8500,12.8500,700
2018-04-20 10:45:00,12.8750,12.8750,12.8750,12.8750,100
2018-04-20 10:44:00,12.8750,12.8750,12.8750,12.8750,100
2018-04-20 10:43:00,12.9000,12.9000,12.9000,12.9000,100
2018-04-20 10:41:00,12.8500,12.8500,12.8500,12.8500,100
2018-04-20 10:34:00,12.8500,12.9000,12.8500,12.8500,5220
2018-04-20 10:19:00,12.7500,12.8000,12.7500,12.8000,800
2018-04-20 10:18:00,12.7500,12.7500,12.7500,12.7500,300
2018-04-20 10:12:00,12.7500,12.7500,12.7500,12.7500,100
2018-04-20 10:08:00,12.7000,12.7000,12.7000,12.7000,100
2018-04-20 10:07:00,12.7000,12.7000,12.7000,12.7000,100
2018-04-20 10:05:00,12.7500,12.7500,12.7100,12.7100,1500
2018-04-20 10:03:00,12.7750,12.7750,12.7750,12.7750,151
2018-04-20 10:01:00,12.8000,12.8000,12.8000,12.8000,800
2018-04-20 09:59:00,12.8730,12.8730,12.8000,12.8000,449
2018-04-20 09:53:00,12.8500,12.8500,12.8500,12.8500,300
2018-04-20 09:51:00,12.8500,12.8500,12.8500,12.8500,400
2018-04-20 09:49:00,12.8250,12.8250,12.8250,12.8250,100
2018-04-20 09:46:00,12.8000,12.8000,12.8000,12.8000,185
2018-04-20 09:45:00,12.8500,12.8500,12.8500,12.8500,500
2018-04-20 09:44:00,12.8500,12.8500,12.8500,12.8500,200
2018-04-20 09:42:00,12.8500,12.8500,12.8500,12.8500,100
2018-04-20 09:41:00,12.8250,12.9000,12.8250,12.9000,800
2018-04-20 09:40:00,12.8000,12.8000,12.8000,12.8000,400
2018-04-20 09:36:00,12.9000,12.9000,12.9000,12.9000,300
2018-04-20 09:35:00,12.9000,12.9250,12.9000,12.9250,300
2018-04-20 09:33:00,12.9500,12.9500,12.9500,12.9500,200
2018-04-20 09:31:00,13.0000,13.0500,13.0000,13.0200,1200
2018-04-20 09:30:00,12.9000,12.9000,12.9000,12.9000,6400
2018-04-19 16:00:00,13.0000,13.0500,12.9500,13.0000,11621
2018-04-19 15:59:00,13.0000,13.0500,12.9750,13.0000,7977
2018-04-19 15:58:00,13.0000,13.0500,13.0000,13.0000,2800
2018-04-19 15:57:00,13.0000,13.0250,12.9750,13.0000,2359
2018-04-19 15:56:00,13.0250,13.0500,13.0000,13.0000,1600
2018-04-19 15:54:00,13.0500,13.0500,13.0250,13.0250,900
2018-04-19 15:53:00,13.0250,13.0250,13.0250,13.0250,300
2018-04-19 15:52:00,13.0500,13.0500,13.0000,13.0500,2387
2018-04-19 15:51:00,13.0250,13.1000,13.0250,13.0500,3120
2018-04-19 15:49:00,13.0250,13.0250,13.0250,13.0250,100
2018-04-19 15:47:00,13.0500,13.0500,13.0000,13.0000,2100
2018-04-19 15:46:00,13.0500,13.0750,13.0500,13.0750,700
2018-04-19 15:44:00,13.0500,13.0500,13.0500,13.0500,600
2018-04-19 15:42:00,13.0500,13.0500,13.0000,13.0000,400
2018-04-19 15:41:00,13.0500,13.0500,13.0500,13.0500,1300
2018-04-19 15:40:00,13.0500,13.0500,13.0500,13.0500,100
2018-04-19 15:39:00,13.0500,13.0500,13.0500,13.0500,900
2018-04-19 15:38:00,13.0500,13.0500,13.0500,13.0500,100
2018-04-19 15:37:00,13.0750,13.1000,13.0500,13.0500,1100
2018-04-19 15:36:00,13.0750,13.0750,13.0500,13.0500,900
2018-04-19 15:35:00,13.0500,13.0750,13.0500,13.0750,2300
2018-04-19 15:34:00,13.0500,13.0500,13.0250,13.0250,200
2018-04-19 15:33:00,13.0500,13.0500,13.0250,13.0250,400
2018-04-19 15:31:00,13.0500,13.0500,13.0500,13.0500,480
2018-04-19 15:26:00,13.0750,13.0750,13.0750,13.0750,100
2018-04-19 15:25:00,13.0500,13.1000,13.0500,13.0750,1700
2018-04-19 15:23:00,13.0500,13.0500,13.0500,13.0500,2899
2018-04-19 15:21:00,13.0750,13.0750,13.0500,13.0500,200
2018-04-19 15:20:00,13.0750,13.0750,13.0750,13.0750,100
2018-04-19 15:17:00,13.1000,13.1000,13.1000,13.1000,100
2018-04-19 15:10:00,13.0500,13.0500,13.0500,13.0500,100
2018-04-19 15:09:00,13.0750,13.0750,13.0750,13.0750,700
2018-04-19 15:08:00,13.0750,13.0750,13.0750,13.0750,300
2018-04-19 15:04:00,13.0750,13.0750,13.0750,13.0750,100
2018-04-19 14:58:00,13.0500,13.0500,13.0500,13.0500,500
2018-04-19 14:56:00,13.0500,13.0500,13.0500,13.0500,100
2018-04-19 14:55:00,13.0500,13.0750,13.0500,13.0750,701
2018-04-19 14:42:00,13.0750,13.0750,13.0500,13.0500,200
2018-04-19 14:41:00,13.1000,13.1000,13.0500,13.0500,2200
2018-04-19 14:40:00,13.0750,13.1500,13.0750,13.1500,1400
2018-04-19 14:36:00,13.0500,13.0750,13.0500,13.0750,255
2018-04-19 14:35:00,13.1000,13.1250,13.0500,13.0500,1977
2018-04-19 14:34:00,13.1000,13.1250,13.1000,13.1250,200
2018-04-19 14:33:00,13.1250,13.1250,13.1250,13.1250,300
2018-04-19 14:29:00,13.1000,13.1000,13.0750,13.1000,1600
2018-04-19 14:28:00,13.0750,13.1000,13.0750,13.1000,200
2018-04-19 14:21:00,13.0750,13.0750,13.0750,13.0750,274
2018-04-19 14:17:00,13.0500,13.0500,13.0500,13.0500,100
2018-04-19 14:16:00,13.0500,13.0500,13.0500,13.0500,100
2018-04-19 14:13:00,13.1000,13.1000,13.0750,13.0750,1100
2018-04-19 14:08:00,13.0750,13.0750,13.0750,13.0750,100
2018-04-19 14:06:00,13.0750,13.0750,13.0750,13.0750,100
2018-04-19 14:03:00,13.0750,13.0750,13.0750,13.0750,100
2018-04-19 14:02:00,13.0750,13.0750,13.0750,13.0750,100
2018-04-19 14:01:00,13.0750,13.0750,13.0750,13.0750,100
2018-04-19 13:59:00,13.0750,13.0750,13.0750,13.0750,100
2018-04-19 13:55:00,13.1000,13.1000,13.1000,13.1000,300
2018-04-19 13:47:00,13.1500,13.1500,13.1000,13.1000,400
2018-04-19 13:40:00,13.1000,13.1000,13.0750,13.1000,5100
2018-04-19 13:39:00,13.0750,13.1000,13.0750,13.1000,300
2018-04-19 13:32:00,13.0750,13.1000,13.0750,13.1000,700
2018-04-19 13:31:00,13.0762,13.0762,13.0762,13.0762,250
2018-04-19 13:25:00,13.0500,13.0500,13.0500,13.0500,100
2018-04-19 13:24:00,13.0750,13.1000,13.0500,13.0500,1000
2018-04-19 13:20:00,13.1000,13.1000,13.0750,13.0750,620
2018-04-19 13:19:00,13.1000,13.1000,13.0500,13.1000,900
2018-04-19 13:17:00,13.0500,13.0500,13.0500,13.0500,100
2018-04-19 13:16:00,13.0750,13.0750,13.0750,13.0750,203
2018-04-19 13:15:00,13.0500,13.0500,13.0500,13.0500,100
2018-04-19 13:14:00,13.0500,13.0500,13.0500,13.0500,300
2018-04-19 13:13:00,13.0500,13.0500,13.0000,13.0000,500
2018-04-19 13:12:00,13.0500,13.0500,13.0500,13.0500,200
2018-04-19 13:11:00,13.0750,13.0750,13.0500,13.0500,500
2018-04-19 13:10:00,13.0750,13.0750,13.0750,13.0750,500
2018-04-19 13:08:00,13.1000,13.1000,13.0750,13.1000,730
2018-04-19 13:07:00,13.1000,13.1000,13.1000,13.1000,500
2018-04-19 12:59:00,13.1355,13.1500,13.1000,13.1500,1430
2018-04-19 12:52:00,13.1500,13.1500,13.1500,13.1500,100
2018-04-19 12:44:00,13.1500,13.2000,13.1500,13.1500,1300
2018-04-19 12:39:00,13.2000,13.2000,13.2000,13.2000,200
2018-04-19 12:35:00,13.2000,13.2000,13.2000,13.2000,200
2018-04-19 12:12:00,13.2000,13.2000,13.2000,13.2000,100
2018-04-19 12:05:00,13.2000,13.2000,13.1500,13.1500,200
2018-04-19 12:03:00,13.2000,13.2000,13.2000,13.2000,100
2018-04-19 11:57:00,13.2000,13.2000,13.2000,13.2000,100
2018-04-19 11:52:00,13.2000,13.2000,13.2000,13.2000,100
2018-04-19 11:51:00,13.2205,13.2205,13.2205,13.2205,200
2018-04-19 11:45:00,13.2500,13.2500,13.2500,13.2500,300
2018-04-19 11:44:00,13.2500,13.2500,13.2500,13.2500,200
2018-04-19 11:43:00,13.2000,13.2000,13.2000,13.2000,100
2018-04-19 11:41:00,13.2000,13.2000,13.2000,13.2000,100
2018-04-19 11:40:00,13.2000,13.2000,13.2000,13.2000,400
2018-04-19 11:39:00,13.2000,13.2000,13.2000,13.2000,100
2018-04-19 11:38:00,13.2000,13.2000,13.2000,13.2000,100
2018-04-19 11:37:00,13.2000,13.2000,13.2000,13.2000,100
2018-04-19 11:36:00,13.2250,13.2250,13.2000,13.2000,400
2018-04-19 11:35:00,13.2000,13.2000,13.2000,13.2000,100
2018-04-19 11:34:00,13.2250,13.2250,13.2250,13.2250,100
2018-04-19 11:33:00,13.2250,13.2250,13.2250,13.2250,100
2018-04-19 11:32:00,13.2250,13.2250,13.2250,13.2250,300
2018-04-19 11:31:00,13.2250,13.2250,13.2250,13.2250,400
2018-04-19 11:30:00,13.2000,13.2500,13.2000,13.2500,200
2018-04-19 11:29:00,13.2000,13.2000,13.2000,13.2000,900
2018-04-19 11:28:00,13.2000,13.2000,13.2000,13.2000,100
2018-04-19 11:26:00,13.1500,13.1500,13.1500,13.1500,100
2018-04-19 11:22:00,13.2000,13.2000,13.1500,13.1500,900
2018-04-19 11:21:00,13.1500,13.1500,13.1500,13.1500,100
2018-04-19 11:20:00,13.2000,13.2000,13.2000,13.2000,100
2018-04-19 11:19:00,13.2000,13.2000,13.2000,13.2000,300
2018-04-19 11:18:00,13.2000,13.2000,13.2000,13.2000,200
2018-04-19 11:17:00,13.2000,13.2000,13.2000,13.2000,200
2018-04-19 11:15:00,13.2000,13.2000,13.2000,13.2000,100
2018-04-19 11:14:00,13.2000,13.2000,13.2000,13.2000,100
2018-04-19 11:13:00,13.2000,13.2000,13.2000,13.2000,200
2018-04-19 11:12:00,13.2000,13.2000,13.2000,13.2000,100
2018-04-19 11:11:00,13.2000,13.2000,13.2000,13.2000,100
2018-04-19 11:10:00,13.2000,13.2250,13.2000,13.2000,900
2018-04-19 11:09:00,13.2250,13.2250,13.2000,13.2000,400
2018-04-19 11:08:00,13.2250,13.2250,13.2250,13.2250,100
2018-04-19 11:07:00,13.2250,13.2250,13.2250,13.2250,300
2018-04-19 11:06:00,13.2000,13.2250,13.2000,13.2000,1600
2018-04-19 11:05:00,13.2000,13.2000,13.2000,13.2000,100
2018-04-19 11:04:00,13.2000,13.2000,13.2000,13.2000,100
2018-04-19 11:03:00,13.1815,13.2000,13.1500,13.2000,2050
2018-04-19 11:02:00,13.1500,13.1500,13.1500,13.1500,100
2018-04-19 10:59:00,13.2000,13.2000,13.1500,13.2000,2050
2018-04-19 10:58:00,13.2000,13.2000,13.2000,13.2000,200
2018-04-19 10:57:00,13.2000,13.2000,13.2000,13.2000,100
2018-04-19 10:56:00,13.2000,13.2000,13.2000,13.2000,100
2018-04-19 10:55:00,13.2000,13.2000,13.2000,13.2000,100
2018-04-19 10:54:00,13.2000,13.2000,13.2000,13.2000,200
2018-04-19 10:53:00,13.1500,13.1500,13.1500,13.1500,100
2018-04-19 10:52:00,13.2000,13.2000,13.2000,13.2000,209
2018-04-19 10:51:00,13.2000,13.2000,13.2000,13.2000,100
2018-04-19 10:50:00,13.2000,13.2000,13.2000,13.2000,300
2018-04-19 10:49:00,13.2000,13.2000,13.2000,13.2000,200
2018-04-19 10:48:00,13.2000,13.2000,13.2000,13.2000,200
2018-04-19 10:47:00,13.2000,13.2000,13.2000,13.2000,100
2018-04-19 10:46:00,13.2000,13.2000,13.2000,13.2000,200
2018-04-19 10:45:00,13.2000,13.2000,13.2000,13.2000,100
2018-04-19 10:44:00,13.2000,13.2000,13.2000,13.2000,200
2018-04-19 10:43:00,13.2000,13.2000,13.2000,13.2000,200
2018-04-19 10:42:00,13.2000,13.2000,13.2000,13.2000,200
2018-04-19 10:41:00,13.2000,13.2000,13.2000,13.2000,100
2018-04-19 10:40:00,13.2000,13.2000,13.2000,13.2000,200
2018-04-19 10:39:00,13.2000,13.2000,13.2000,13.2000,100
2018-04-19 10:38:00,13.2000,13.2000,13.1500,13.1500,400
2018-04-19 10:37:00,13.2000,13.2000,13.2000,13.2000,100
2018-04-19 10:36:00,13.2000,13.2000,13.2000,13.2000,300
2018-04-19 10:35:00,13.2000,13.2500,13.1500,13.2000,2900
2018-04-19 10:34:00,13.1750,13.2500,13.1750,13.2250,1700
2018-04-19 10:32:00,13.2000,13.2000,13.1750,13.1750,200
2018-04-19 10:30:00,13.1750,13.1750,13.1750,13.1750,100
2018-04-19 10:29:00,13.1750,13.1750,13.1750,13.1750,100
2018-04-19 10:28:00,13.1750,13.1750,13.1500,13.1500,600
2018-04-19 10:27:00,13.1750,13.1750,13.1750,13.1750,100
2018-04-19 10:26:00,13.1500,13.2000,13.1500,13.2000,300
2018-04-19 10:23:00,13.1750,13.1750,13.1750,13.1750,100
2018-04-19 10:21:00,13.1500,13.2000,13.1500,13.1500,300
2018-04-19 10:20:00,13.1500,13.1750,13.1500,13.1500,700
2018-04-19 10:19:00,13.1500,13.2000,13.1500,13.2000,300
2018-04-19 10:18:00,13.1500,13.1500,13.1000,13.1000,2711
2018-04-19 10:17:00,13.1500,13.2000,13.1500,13.1500,900
2018-04-19 10:16:00,13.1000,13.1500,13.1000,13.1500,200
2018-04-19 10:15:00,13.1500,13.1500,13.1500,13.1500,500
2018-04-19 10:14:00,13.1500,13.1500,13.1500,13.1500,1500
2018-04-19 10:13:00,13.1250,13.1500,13.1250,13.1500,200
2018-04-19 10:12:00,13.1250,13.1250,13.1250,13.1250,100
2018-04-19 10:10:00,13.1250,13.1250,13.1250,13.1250,100
2018-04-19 10:08:00,13.1000,13.1000,13.1000,13.1000,200
2018-04-19 10:06:00,13.1000,13.1000,13.1000,13.1000,100
2018-04-19 10:05:00,13.1000,13.1000,13.1000,13.1000,100
2018-04-19 10:04:00,13.1000,13.1000,13.1000,13.1000,200
2018-04-19 10:03:00,13.1000,13.1000,13.1000,13.1000,100
2018-04-19 10:02:00,13.1000,13.1000,13.1000,13.1000,100
2018-04-19 10:01:00,13.0500,13.1000,13.0500,13.1000,200
2018-04-19 10:00:00,13.1000,13.1000,13.1000,13.1000,300
2018-04-19 09:59:00,13.1000,13.1000,13.1000,13.1000,100
2018-04-19 09:58:00,13.1000,13.1000,13.1000,13.1000,100
2018-04-19 09:57:00,13.1000,13.1000,13.1000,13.1000,200
2018-04-19 09:55:00,13.1000,13.1000,13.1000,13.1000,100
2018-04-19 09:54:00,13.1000,13.1000,13.1000,13.1000,200
2018-04-19 09:53:00,13.1250,13.1500,13.1000,13.1500,2300
2018-04-19 09:52:00,13.1250,13.1250,13.1250,13.1250,100
2018-04-19 09:50:00,13.1250,13.1250,13.1250,13.1250,200
2018-04-19 09:49:00,13.1250,13.1250,13.1250,13.1250,100
2018-04-19 09:48:00,13.1500,13.1500,13.1250,13.1250,400
2018-04-19 09:47:00,13.0750,13.1000,13.0750,13.1000,400
2018-04-19 09:42:00,13.1000,13.1000,13.1000,13.1000,116
2018-04-19 09:39:00,13.0500,13.0500,13.0500,13.0500,100
2018-04-19 09:36:00,13.1000,13.1000,13.1000,13.1000,100
2018-04-19 09:35:00,13.1000,13.1000,13.1000,13.1000,100
2018-04-19 09:34:00,13.0750,13.0750,13.0750,13.0750,100
2018-04-19 09:33:00,13.1500,13.1500,13.0750,13.0750,1000
2018-04-19 09:31:00,13.0300,13.1250,13.0300,13.1250,2100
2018-04-19 09:30:00,13.1500,13.1500,13.1500,13.1500,1067
2018-04-18 16:00:00,13.2000,13.2000,13.1500,13.2000,20913
2018-04-18 15:59:00,13.2000,13.2000,13.1725,13.2000,5346
2018-04-18 15:58:00,13.1750,13.1750,13.1500,13.1500,400
2018-04-18 15:57:00,13.1500,13.2000,13.1500,13.1750,900
2018-04-18 15:56:00,13.1750,13.1750,13.1500,13.1500,300
2018-04-18 15:55:00,13.1750,13.1750,13.1750,13.1750,100
2018-04-18 15:54:00,13.1500,13.1500,13.1500,13.1500,300
2018-04-18 15:53:00,13.1500,13.1750,13.1500,13.1750,200
2018-04-18 15:52:00,13.2000,13.2250,13.1500,13.1750,3676
2018-04-18 15:51:00,13.2500,13.2500,13.2000,13.2250,2000
2018-04-18 15:50:00,13.2250,13.2500,13.2250,13.2250,400
2018-04-18 15:49:00,13.2500,13.2500,13.2500,13.2500,100
2018-04-18 15:48:00,13.2250,13.2250,13.2250,13.2250,100
2018-04-18 15:47:00,13.2500,13.2500,13.2250,13.2250,1200
2018-04-18 15:46:00,13.2000,13.2000,13.2000,13.2000,100
2018-04-18 15:45:00,13.2500,13.2500,13.2500,13.2500,100
2018-04-18 15:43:00,13.2500,13.2500,13.2000,13.2250,300
2018-04-18 15:42:00,13.2500,13.2500,13.2500,13.2500,100
2018-04-18 15:41:00,13.2500,13.2500,13.2500,13.2500,100
2018-04-18 15:40:00,13.2000,13.2000,13.2000,13.2000,100
2018-04-18 15:37:00,13.2000,13.2000,13.2000,13.2000,100
2018-04-18 15:35:00,13.2500,13.2500,13.2250,13.2250,1000
2018-04-18 15:32:00,13.2050,13.2500,13.2050,13.2500,4308
2018-04-18 15:30:00,13.2000,13.2000,13.2000,13.2000,100
2018-04-18 15:26:00,13.2000,13.2000,13.2000,13.2000,100
2018-04-18 15:22:00,13.2000,13.2000,13.2000,13.2000,100
2018-04-18 15:18:00,13.2000,13.2000,13.2000,13.2000,100
2018-04-18 15:17:00,13.2500,13.2500,13.2500,13.2500,2304
2018-04-18 15:16:00,13.2500,13.3000,13.2500,13.2500,9740
2018-04-18 15:15:00,13.2500,13.2500,13.2500,13.2500,600
2018-04-18 15:14:00,13.2500,13.2500,13.2000,13.2000,300
2018-04-18 15:10:00,13.2500,13.2500,13.2000,13.2500,6790
2018-04-18 15:09:00,13.2500,13.2500,13.2500,13.2500,100
2018-04-18 15:08:00,13.2250,13.2250,13.2250,13.2250,300
2018-04-18 15:07:00,13.2500,13.2500,13.2250,13.2250,800
2018-04-18 15:06:00,13.2000,13.2000,13.2000,13.2000,100
2018-04-18 15:05:00,13.2500,13.2500,13.2250,13.2250,1200
2018-04-18 15:04:00,13.2500,13.2500,13.2500,13.2500,500
2018-04-18 15:02:00,13.2500,13.2500,13.2250,13.2250,2700
2018-04-18 15:01:00,13.2250,13.2250,13.2000,13.2250,500
2018-04-18 15:00:00,13.2250,13.2500,13.2250,13.2250,1000
2018-04-18 14:57:00,13.2500,13.2500,13.2000,13.2000,1500
2018-04-18 14:56:00,13.2500,13.2500,13.2500,13.2500,300
2018-04-18 14:55:00,13.2500,13.2500,13.2500,13.2500,200
2018-04-18 14:53:00,13.2500,13.2500,13.2000,13.2250,1600
2018-04-18 14:52:00,13.2500,13.2500,13.2500,13.2500,100
2018-04-18 14:50:00,13.2250,13.2250,13.2000,13.2000,1200
2018-04-18 14:49:00,13.2250,13.2250,13.2250,13.2250,100
2018-04-18 14:46:00,13.2250,13.2250,13.2250,13.2250,100
2018-04-18 14:43:00,13.2000,13.2000,13.2000,13.2000,100
2018-04-18 14:42:00,13.2000,13.2000,13.2000,13.2000,100
2018-04-18 14:41:00,13.2000,13.2250,13.2000,13.2250,200
2018-04-18 14:40:00,13.2000,13.2000,13.2000,13.2000,100
2018-04-18 14:38:00,13.2000,13.2000,13.2000,13.2000,100
2018-04-18 14:37:00,13.2000,13.2000,13.2000,13.2000,100
2018-04-18 14:35:00,13.2000,13.2000,13.2000,13.2000,300
2018-04-18 14:34:00,13.2000,13.2000,13.2000,13.2000,100
2018-04-18 14:32:00,13.2250,13.2250,13.2000,13.2000,1100
2018-04-18 14:31:00,13.2250,13.2750,13.2000,13.2000,8758
2018-04-18 14:30:00,13.2250,13.2250,13.2250,13.2250,200
2018-04-18 14:24:00,13.2250,13.2250,13.2250,13.2250,200
2018-04-18 14:23:00,13.2250,13.2250,13.2250,13.2250,600
2018-04-18 14:21:00,13.2000,13.2000,13.2000,13.2000,100
2018-04-18 14:16:00,13.2250,13.2250,13.2000,13.2000,200
2018-04-18 14:12:00,13.2250,13.2250,13.2250,13.2250,100
2018-04-18 14:08:00,13.2000,13.2000,13.2000,13.2000,100
2018-04-18 14:07:00,13.2500,13.2500,13.2500,13.2500,100
2018-04-18 14:06:00,13.2500,13.2500,13.2000,13.2000,400
2018-04-18 14:04:00,13.2000,13.2000,13.2000,13.2000,100
2018-04-18 14:02:00,13.2250,13.2250,13.2000,13.2000,200
2018-04-18 14:01:00,13.2000,13.2000,13.2000,13.2000,1893
2018-04-18 13:59:00,13.2000,13.2000,13.2000,13.2000,100
2018-04-18 13:56:00,13.2000,13.2000,13.2000,13.2000,100
2018-04-18 13:55:00,13.2000,13.2000,13.2000,13.2000,100
2018-04-18 13:54:00,13.2000,13.2000,13.2000,13.2000,100
2018-04-18 13:53:00,13.2000,13.2000,13.2000,13.2000,100
2018-04-18 13:52:00,13.2000,13.2000,13.2000,13.2000,100
2018-04-18 13:50:00,13.2000,13.2000,13.2000,13.2000,100
2018-04-18 13:49:00,13.2000,13.2000,13.2000,13.2000,100
2018-04-18 13:48:00,13.2000,13.2000,13.2000,13.2000,100
2018-04-18 13:47:00,13.2250,13.2250,13.2000,13.2250,1600
2018-04-18 13:46:00,13.2000,13.2250,13.2000,13.2250,200
2018-04-18 13:45:00,13.2000,13.2000,13.2000,13.2000,100
2018-04-18 13:43:00,13.2000,13.2000,13.1750,13.2000,4800
2018-04-18 13:42:00,13.2000,13.2000,13.1750,13.2000,2200
2018-04-18 13:41:00,13.2000,13.2000,13.2000,13.2000,200
2018-04-18 13:40:00,13.2000,13.2000,13.2000,13.2000,3500
2018-04-18 13:39:00,13.2000,13.2000,13.1750,13.2000,1600
2018-04-18 13:38:00,13.2000,13.2000,13.2000,13.2000,100
2018-04-18 13:37:00,13.2000,13.2000,13.1750,13.2000,2800
2018-04-18 13:36:00,13.2000,13.2000,13.2000,13.2000,1800
2018-04-18 13:35:00,13.2000,13.2000,13.2000,13.2000,9965
2018-04-18 13:24:00,13.2000,13.2000,13.1750,13.1750,400
2018-04-18 13:21:00,13.1750,13.1750,13.1750,13.1750,100
2018-04-18 13:17:00,13.1500,13.1750,13.1500,13.1750,300
2018-04-18 13:08:00,13.2000,13.2000,13.1500,13.1750,500
2018-04-18 12:58:00,13.2000,13.2000,13.1750,13.1750,900
2018-04-18 12:57:00,13.1750,13.1750,13.1750,13.1750,100
2018-04-18 12:55:00,13.1750,13.1750,13.1750,13.1750,100
2018-04-18 12:48:00,13.1750,13.1750,13.1750,13.1750,200
2018-04-18 12:47:00,13.1750,13.2000,13.1500,13.1500,2029
2018-04-18 12:45:00,13.1750,13.1750,13.1750,13.1750,100
2018-04-18 12:43:00,13.1750,13.1750,13.1500,13.1500,200
2018-04-18 12:42:00,13.1750,13.1750,13.1750,13.1750,100
2018-04-18 12:38:00,13.1750,13.1750,13.1750,13.1750,100
2018-04-18 12:34:00,13.1750,13.1750,13.1750,13.1750,100
2018-04-18 12:30:00,13.1750,13.1750,13.1750,13.1750,100
2018-04-18 12:27:00,13.1500,13.1700,13.1500,13.1700,869
2018-04-18 12:24:00,13.1750,13.1750,13.1750,13.1750,100
2018-04-18 12:15:00,13.1596,13.1596,13.1596,13.1596,200
2018-04-18 12:14:00,13.1750,13.1750,13.1500,13.1500,200
2018-04-18 12:12:00,13.1750,13.1750,13.1750,13.1750,100
2018-04-18 12:11:00,13.1750,13.1750,13.1750,13.1750,100
2018-04-18 12:08:00,13.2000,13.2000,13.1750,13.1750,400
2018-04-18 11:57:00,13.1500,13.1500,13.1500,13.1500,300
2018-04-18 11:56:00,13.1500,13.1500,13.1500,13.1500,300
2018-04-18 11:54:00,13.1500,13.1500,13.1500,13.1500,300
2018-04-18 11:53:00,13.1750,13.1750,13.1500,13.1500,500
2018-04-18 11:46:00,13.1500,13.1500,13.1500,13.1500,6000
2018-04-18 11:39:00,13.1750,13.1750,13.1750,13.1750,100
2018-04-18 11:38:00,13.2000,13.2000,13.1750,13.1750,300
2018-04-18 11:31:00,13.1750,13.1750,13.1750,13.1750,300
2018-04-18 11:23:00,13.1750,13.1750,13.1750,13.1750,100
2018-04-18 11:22:00,13.1750,13.1750,13.1750,13.1750,100
2018-04-18 11:14:00,13.1750,13.1750,13.1750,13.1750,100
2018-04-18 11:11:00,13.1750,13.1750,13.1750,13.1750,100
2018-04-18 11:06:00,13.2000,13.2000,13.2000,13.2000,100
2018-04-18 11:02:00,13.1750,13.1750,13.1500,13.1500,200
2018-04-18 10:57:00,13.1750,13.1750,13.1750,13.1750,100
2018-04-18 10:56:00,13.1500,13.1500,13.1500,13.1500,2200
2018-04-18 10:37:00,13.1250,13.1250,13.1250,13.1250,100
2018-04-18 10:33:00,13.1000,13.1000,13.1000,13.1000,400
2018-04-18 10:23:00,13.0500,13.0500,13.0500,13.0500,100
2018-04-18 10:18:00,13.0500,13.1000,13.0500,13.1000,1600
2018-04-18 10:15:00,13.0000,13.0000,13.0000,13.0000,100
2018-04-18 10:14:00,13.0500,13.0500,13.0500,13.0500,400
2018-04-18 10:13:00,13.0250,13.0250,13.0250,13.0250,100
2018-04-18 10:12:00,13.0500,13.0500,12.9750,13.0000,4254
2018-04-18 10:11:00,13.0750,13.0750,13.0750,13.0750,100
2018-04-18 10:09:00,13.0750,13.0750,13.0750,13.0750,200
2018-04-18 10:03:00,13.0750,13.0750,13.0750,13.0750,100
2018-04-18 09:57:00,13.1000,13.1000,13.1000,13.1000,336
2018-04-18 09:46:00,13.1500,13.1500,13.1500,13.1500,100
2018-04-18 09:43:00,13.1000,13.1000,13.1000,13.1000,800
2018-04-18 09:42:00,13.0500,13.0500,13.0500,13.0500,100
2018-04-18 09:40:00,13.0500,13.0500,13.0500,13.0500,409
2018-04-18 09:33:00,12.9500,13.1000,12.9500,13.1000,1000
2018-04-18 09:32:00,12.9500,12.9500,12.9500,12.9500,132
2018-04-18 09:31:00,12.9000,12.9000,12.9000,12.9000,100
2018-04-18 09:30:00,13.1000,13.1000,13.1000,13.1000,653
2018-04-17 16:00:00,13.0250,13.0500,13.0000,13.0500,8691
2018-04-17 15:59:00,13.0500,13.0500,13.0000,13.0000,6160
2018-04-17 15:58:00,13.0750,13.0750,13.0500,13.0750,1400
2018-04-17 15:57:00,13.0750,13.0750,13.0500,13.0500,600
2018-04-17 15:56:00,13.0500,13.0500,13.0500,13.0500,100
2018-04-17 15:55:00,13.1000,13.1000,13.1000,13.1000,2800
2018-04-17 15:54:00,13.1000,13.1000,13.1000,13.1000,300
2018-04-17 15:53:00,13.1250,13.1250,13.1250,13.1250,100
2018-04-17 15:51:00,13.1000,13.1500,13.1000,13.1000,400
2018-04-17 15:50:00,13.1550,13.1550,13.1500,13.1500,3742
2018-04-17 15:49:00,13.2000,13.2000,13.1750,13.1750,3600
2018-04-17 15:47:00,13.2000,13.2000,13.1500,13.1750,302
2018-04-17 15:46:00,13.1750,13.1750,13.1750,13.1750,1072
2018-04-17 15:44:00,13.1810,13.1810,13.1810,13.1810,514
2018-04-17 15:43:00,13.2000,13.2000,13.1750,13.1750,400
2018-04-17 15:42:00,13.2000,13.2000,13.1750,13.1750,200
2018-04-17 15:38:00,13.1750,13.1750,13.1750,13.1750,200
2018-04-17 15:37:00,13.1750,13.1750,13.1750,13.1750,600
2018-04-17 15:36:00,13.1750,13.1750,13.1750,13.1750,250
2018-04-17 15:35:00,13.2000,13.2000,13.2000,13.2000,687
2018-04-17 15:34:00,13.1500,13.2000,13.1500,13.2000,4600
2018-04-17 15:33:00,13.1750,13.2000,13.1500,13.1750,13158
2018-04-17 15:30:00,13.1500,13.1750,13.1500,13.1750,2365
2018-04-17 15:29:00,13.2000,13.2000,13.2000,13.2000,100
2018-04-17 15:28:00,13.1500,13.1500,13.1500,13.1500,100
2018-04-17 15:27:00,13.1550,13.1750,13.1500,13.1750,2300
2018-04-17 15:22:00,13.1000,13.1500,13.1000,13.1500,1400
2018-04-17 15:20:00,13.1500,13.1500,13.1500,13.1500,695
2018-04-17 15:19:00,13.1500,13.1500,13.1500,13.1500,500
2018-04-17 15:18:00,13.1500,13.1750,13.1500,13.1750,1100
2018-04-17 15:16:00,13.1500,13.1500,13.1500,13.1500,600
2018-04-17 15:15:00,13.1500,13.1500,13.1500,13.1500,100
2018-04-17 15:13:00,13.1750,13.1800,13.1500,13.1800,1300
2018-04-17 15:11:00,13.1750,13.1750,13.1750,13.1750,160
2018-04-17 15:09:00,13.1750,13.1750,13.1750,13.1750,100
2018-04-17 15:07:00,13.1750,13.2000,13.1750,13.2000,300
2018-04-17 15:03:00,13.1500,13.1500,13.1500,13.1500,196
2018-04-17 14:58:00,13.1750,13.2000,13.1500,13.1750,800
2018-04-17 14:57:00,13.1750,13.2000,13.1750,13.2000,800
2018-04-17 14:53:00,13.2000,13.2000,13.2000,13.2000,100
2018-04-17 14:49:00,13.2000,13.2000,13.2000,13.2000,100
2018-04-17 14:46:00,13.1500,13.1500,13.1500,13.1500,100
2018-04-17 14:45:00,13.1999,13.1999,13.1500,13.1500,300
2018-04-17 14:39:00,13.1500,13.1500,13.1500,13.1500,200
2018-04-17 14:38:00,13.1500,13.1500,13.1500,13.1500,200
2018-04-17 14:37:00,13.1500,13.1500,13.1500,13.1500,100
2018-04-17 14:36:00,13.1500,13.1500,13.1500,13.1500,2220
2018-04-17 14:32:00,13.1500,13.1750,13.1500,13.1750,1479
2018-04-17 14:31:00,13.2000,13.2000,13.2000,13.2000,100
2018-04-17 14:27:00,13.1750,13.2000,13.1750,13.2000,900
2018-04-17 14:24:00,13.2000,13.2000,13.2000,13.2000,100
2018-04-17 14:21:00,13.2000,13.2000,13.2000,13.2000,100
2018-04-17 14:19:00,13.2000,13.2000,13.2000,13.2000,100
2018-04-17 14:13:00,13.1500,13.1500,13.1500,13.1500,100
2018-04-17 14:09:00,13.1500,13.1750,13.1500,13.1750,587
2018-04-17 14:07:00,13.1500,13.1500,13.1500,13.1500,100
2018-04-17 14:06:00,13.1500,13.1750,13.1500,13.1500,1300
2018-04-17 14:02:00,13.1500,13.1750,13.1500,13.1750,600
2018-04-17 14:01:00,13.1750,13.1800,13.1750,13.1800,600
2018-04-17 13:57:00,13.1500,13.1500,13.1500,13.1500,700
2018-04-17 13:56:00,13.1500,13.1500,13.1500,13.1500,200
2018-04-17 13:55:00,13.1500,13.1500,13.1500,13.1500,300
2018-04-17 13:54:00,13.1500,13.1500,13.1500,13.1500,200
2018-04-17 13:53:00,13.1500,13.1500,13.1500,13.1500,500
2018-04-17 13:52:00,13.1500,13.1500,13.1500,13.1500,400
2018-04-17 13:51:00,13.1500,13.1500,13.1500,13.1500,800
2018-04-17 13:50:00,13.1500,13.2000,13.1500,13.1500,2000
2018-04-17 13:48:00,13.2000,13.2000,13.2000,13.2000,100
2018-04-17 13:41:00,13.1500,13.2000,13.1500,13.2000,700
2018-04-17 13:40:00,13.2000,13.2000,13.2000,13.2000,100
2018-04-17 13:33:00,13.1500,13.1500,13.1500,13.1500,456
2018-04-17 13:25:00,13.1500,13.1500,13.1500,13.1500,600
2018-04-17 13:24:00,13.1500,13.1500,13.1500,13.1500,1400
2018-04-17 13:23:00,13.1250,13.1250,13.1250,13.1250,500
2018-04-17 13:20:00,13.1500,13.1500,13.1500,13.1500,900
2018-04-17 13:19:00,13.2000,13.2000,13.2000,13.2000,100
2018-04-17 13:15:00,13.2000,13.2000,13.1750,13.1750,200
2018-04-17 13:10:00,13.2000,13.2000,13.1750,13.1750,300
2018-04-17 13:07:00,13.2000,13.2000,13.2000,13.2000,200
2018-04-17 13:06:00,13.1800,13.2000,13.1500,13.2000,700
2018-04-17 13:05:00,13.1750,13.1750,13.1750,13.1750,500
2018-04-17 13:04:00,13.2000,13.2000,13.2000,13.2000,100
2018-04-17 13:00:00,13.2000,13.2000,13.2000,13.2000,100
2018-04-17 12:56:00,13.1800,13.1800,13.1800,13.1800,800
2018-04-17 12:53:00,13.1500,13.2000,13.1500,13.2000,1200
2018-04-17 12:52:00,13.1500,13.1500,13.1500,13.1500,1700
2018-04-17 12:51:00,13.1500,13.1500,13.1500,13.1500,300
2018-04-17 12:50:00,13.1500,13.1500,13.1500,13.1500,1800
2018-04-17 12:49:00,13.1500,13.1500,13.1500,13.1500,1000
2018-04-17 12:48:00,13.1500,13.1500,13.1500,13.1500,900
2018-04-17 12:46:00,13.1750,13.1750,13.1500,13.1500,300
2018-04-17 12:43:00,13.1654,13.1654,13.1500,13.1500,600
2018-04-17 12:42:00,13.2000,13.2000,13.1500,13.1500,300
2018-04-17 12:38:00,13.1500,13.1500,13.1500,13.1500,700
2018-04-17 12:37:00,13.2000,13.2000,13.1500,13.1500,700
2018-04-17 12:36:00,13.2250,13.2500,13.1750,13.2000,2150
2018-04-17 12:30:00,13.2500,13.2500,13.2500,13.2500,1200
2018-04-17 12:23:00,13.2500,13.2500,13.2500,13.2500,100
2018-04-17 12:20:00,13.2263,13.2263,13.2000,13.2000,326
2018-04-17 12:09:00,13.2250,13.2250,13.2250,13.2250,200
2018-04-17 12:06:00,13.2167,13.2167,13.2167,13.2167,107
2018-04-17 12:04:00,13.1550,13.2500,13.1550,13.2500,900
2018-04-17 12:03:00,13.2500,13.2500,13.2500,13.2500,100
2018-04-17 11:54:00,13.2000,13.2000,13.2000,13.2000,300
2018-04-17 11:53:00,13.2000,13.2000,13.2000,13.2000,100
2018-04-17 11:46:00,13.2000,13.2000,13.1500,13.1500,600
2018-04-17 11:40:00,13.2000,13.2000,13.2000,13.2000,1223
2018-04-17 11:35:00,13.2500,13.2500,13.2000,13.2000,200
2018-04-17 11:29:00,13.2000,13.2000,13.2000,13.2000,977
2018-04-17 11:24:00,13.2000,13.2000,13.2000,13.2000,100
2018-04-17 11:06:00,13.1500,13.1500,13.1500,13.1500,2211
2018-04-17 11:03:00,13.1500,13.1500,13.1250,13.1500,1800
2018-04-17 11:02:00,13.1500,13.1500,13.1500,13.1500,557
2018-04-17 11:01:00,13.1500,13.1500,13.1500,13.1500,1950
2018-04-17 10:57:00,13.1500,13.1500,13.1500,13.1500,100
2018-04-17 10:55:00,13.1000,13.1000,13.0750,13.1000,4959
2018-04-17 10:53:00,13.1000,13.1000,13.1000,13.1000,100
2018-04-17 10:52:00,13.0500,13.0500,13.0500,13.0500,100
2018-04-17 10:51:00,13.0750,13.0750,13.0750,13.0750,100
2018-04-17 10:45:00,13.0750,13.0750,13.0750,13.0750,100
2018-04-17 10:41:00,13.0750,13.0750,13.0750,13.0750,119
2018-04-17 10:37:00,13.0500,13.0750,13.0500,13.0750,800
2018-04-17 10:36:00,13.1000,13.1000,13.1000,13.1000,1900
2018-04-17 10:32:00,13.1000,13.1250,13.1000,13.1250,200
2018-04-17 10:24:00,13.1500,13.1500,13.1050,13.1050,5000
2018-04-17 10:23:00,13.1500,13.1500,13.1500,13.1500,400
2018-04-17 10:22:00,13.1500,13.1500,13.1500,13.1500,2694
2018-04-17 10:18:00,13.1250,13.1250,13.1250,13.1250,100
2018-04-17 10:16:00,13.1000,13.1250,13.1000,13.1250,500
2018-04-17 10:14:00,13.1000,13.1000,13.1000,13.1000,100
2018-04-17 10:13:00,13.1250,13.1250,13.1250,13.1250,100
2018-04-17 10:04:00,13.1250,13.1250,13.1250,13.1250,130
2018-04-17 10:01:00,13.1500,13.1500,13.1500,13.1500,1000
2018-04-17 09:58:00,13.1500,13.1500,13.1500,13.1500,1207
2018-04-17 09:54:00,13.1750,13.2000,13.1750,13.2000,800
2018-04-17 09:51:00,13.2000,13.2000,13.1500,13.1500,650
2018-04-17 09:50:00,13.1250,13.2000,13.1250,13.1500,2900
2018-04-17 09:48:00,13.1500,13.1500,13.1500,13.1500,100
2018-04-17 09:46:00,13.0500,13.1000,13.0500,13.1000,2535
2018-04-17 09:40:00,13.0515,13.0515,13.0515,13.0515,385
2018-04-17 09:31:00,13.0500,13.0500,13.0500,13.0500,100
2018-04-17 09:30:00,13.0000,13.0000,13.0000,13.0000,1943
2018-04-16 16:00:00,13.0000,13.0000,12.9500,12.9500,10742
2018-04-16 15:59:00,12.9750,13.0000,12.9500,13.0000,10548
2018-04-16 15:58:00,12.9000,13.0000,12.9000,12.9750,8300
2018-04-16 15:57:00,12.8750,12.9000,12.8500,12.8750,800
2018-04-16 15:56:00,12.8500,12.8500,12.8500,12.8500,100
2018-04-16 15:55:00,12.8500,12.8500,12.8500,12.8500,100
2018-04-16 15:53:00,12.9250,12.9250,12.8500,12.8750,3750
2018-04-16 15:51:00,12.9000,12.9500,12.9000,12.9500,3800
2018-04-16 15:50:00,12.8500,12.9000,12.8500,12.9000,800
2018-04-16 15:49:00,12.8750,12.9000,12.8750,12.9000,400
2018-04-16 15:46:00,12.9000,12.9000,12.9000,12.9000,1600
2018-04-16 15:45:00,12.9000,12.9000,12.9000,12.9000,100
2018-04-16 15:43:00,12.9000,12.9000,12.9000,12.9000,100
2018-04-16 15:42:00,12.9000,12.9000,12.9000,12.9000,100
2018-04-16 15:41:00,12.9000,12.9250,12.9000,12.9250,968
2018-04-16 15:40:00,12.9000,12.9000,12.8750,12.9000,720
2018-04-16 15:39:00,12.8750,12.9000,12.8750,12.9000,200
2018-04-16 15:38:00,12.9000,12.9000,12.9000,12.9000,300
2018-04-16 15:36:00,12.9000,12.9250,12.9000,12.9250,903
2018-04-16 15:35:00,12.9000,12.9000,12.9000,12.9000,500
2018-04-16 15:34:00,12.8500,12.8500,12.8500,12.8500,100
2018-04-16 15:33:00,12.9000,12.9000,12.9000,12.9000,1000
2018-04-16 15:30:00,12.9500,12.9500,12.9500,12.9500,100
2018-04-16 15:29:00,12.9500,12.9500,12.9500,12.9500,100
2018-04-16 15:25:00,12.9000,12.9000,12.9000,12.9000,1200
2018-04-16 15:24:00,12.9000,12.9250,12.9000,12.9000,2113
2018-04-16 15:23:00,12.9000,12.9000,12.9000,12.9000,100
2018-04-16 15:22:00,12.9000,12.9000,12.9000,12.9000,400
2018-04-16 15:21:00,12.8750,12.9000,12.8750,12.9000,350
2018-04-16 15:20:00,12.8750,12.9000,12.8750,12.9000,400
2018-04-16 15:18:00,12.8500,12.8750,12.8500,12.8750,900
2018-04-16 15:17:00,12.9000,12.9000,12.8500,12.8500,1400
2018-04-16 15:12:00,12.9000,12.9500,12.9000,12.9500,200
2018-04-16 15:11:00,12.9500,12.9500,12.9500,12.9500,100
2018-04-16 15:04:00,12.9000,12.9500,12.9000,12.9500,400
2018-04-16 15:03:00,12.8500,12.8500,12.8500,12.8500,100
2018-04-16 15:00:00,12.9000,12.9500,12.9000,12.9500,1213
2018-04-16 14:59:00,12.9000,12.9000,12.9000,12.9000,706
2018-04-16 14:54:00,12.9000,12.9000,12.9000,12.9000,100
2018-04-16 14:49:00,13.0000,13.0000,12.9000,12.9000,200
2018-04-16 14:45:00,12.9500,12.9758,12.9500,12.9758,1300
2018-04-16 14:42:00,12.9000,12.9000,12.9000,12.9000,100
2018-04-16 14:39:00,12.9500,12.9500,12.9000,12.9000,600
2018-04-16 14:37:00,12.9250,12.9250,12.9250,12.9250,100
2018-04-16 14:34:00,12.9250,12.9250,12.9250,12.9250,100
2018-04-16 14:32:00,12.9302,12.9500,12.9302,12.9500,876
2018-04-16 14:30:00,12.9000,12.9000,12.9000,12.9000,100
2018-04-16 14:28:00,12.9000,12.9000,12.9000,12.9000,500
2018-04-16 14:27:00,12.9000,12.9000,12.8500,12.8500,500
2018-04-16 14:26:00,12.9250,12.9250,12.9250,12.9250,100
2018-04-16 14:24:00,12.9250,12.9250,12.9250,12.9250,300
2018-04-16 14:20:00,12.9000,12.9250,12.9000,12.9250,800
2018-04-16 14:13:00,12.9000,12.9500,12.9000,12.9500,1100
2018-04-16 14:12:00,12.9000,12.9000,12.9000,12.9000,200
2018-04-16 14:11:00,12.9000,12.9000,12.9000,12.9000,100
2018-04-16 14:10:00,12.8500,12.8500,12.8500,12.8500,173
2018-04-16 14:04:00,12.9000,12.9000,12.9000,12.9000,500
2018-04-16 14:03:00,12.9000,12.9000,12.9000,12.9000,200
2018-04-16 14:02:00,12.9250,12.9250,12.9250,12.9250,100
2018-04-16 14:01:00,12.9000,12.9000,12.9000,12.9000,300
2018-04-16 13:56:00,12.9000,12.9000,12.9000,12.9000,200
2018-04-16 13:50:00,12.9500,12.9500,12.9000,12.9000,300
2018-04-16 13:48:00,12.9000,12.9000,12.9000,12.9000,200
2018-04-16 13:45:00,12.9400,12.9400,12.9400,12.9400,800
2018-04-16 13:35:00,12.9500,12.9500,12.9500,12.9500,414
2018-04-16 13:34:00,12.9500,12.9500,12.9500,12.9500,200
2018-04-16 13:32:00,12.9500,13.0000,12.9500,12.9500,800
2018-04-16 13:31:00,12.9500,12.9500,12.9500,12.9500,600
2018-04-16 13:29:00,12.9050,12.9050,12.9050,12.9050,100
2018-04-16 13:28:00,12.9500,12.9500,12.9500,12.9500,400
2018-04-16 13:25:00,13.0000,13.0000,13.0000,13.0000,100
2018-04-16 13:18:00,12.9500,12.9500,12.9500,12.9500,800
2018-04-16 13:17:00,12.9500,12.9500,12.9000,12.9000,1100
2018-04-16 13:13:00,12.9500,12.9500,12.9500,12.9500,200
2018-04-16 13:10:00,12.9500,12.9750,12.9000,12.9750,2700
2018-04-16 13:02:00,12.8500,12.9500,12.8500,12.9500,203
2018-04-16 12:55:00,12.9250,12.9250,12.9000,12.9000,200
2018-04-16 12:53:00,12.9000,12.9000,12.9000,12.9000,100
2018-04-16 12:47:00,12.9000,12.9250,12.9000,12.9250,300
2018-04-16 12:38:00,12.9000,12.9500,12.9000,12.9500,300
2018-04-16 12:37:00,12.9000,12.9250,12.9000,12.9000,1200
2018-04-16 12:36:00,12.9000,12.9000,12.9000,12.9000,100
2018-04-16 12:35:00,12.9000,12.9000,12.9000,12.9000,1195
2018-04-16 12:28:00,12.9190,12.9190,12.9190,12.9190,600
2018-04-16 12:27:00,12.8844,12.9500,12.8844,12.9000,2380
2018-04-16 12:23:00,12.8500,12.8500,12.8500,12.8500,200
2018-04-16 12:16:00,12.8500,12.8500,12.8500,12.8500,200
2018-04-16 12:08:00,12.8500,12.8500,12.8500,12.8500,100
2018-04-16 12:01:00,12.8500,12.8500,12.8500,12.8500,200
2018-04-16 11:54:00,12.8500,12.8500,12.8500,12.8500,200
2018-04-16 11:47:00,12.8500,12.8750,12.8500,12.8500,500
2018-04-16 11:40:00,12.8500,12.8500,12.8500,12.8500,200
2018-04-16 11:34:00,12.8500,12.9000,12.8500,12.9000,500
2018-04-16 11:30:00,12.9000,12.9000,12.9000,12.9000,100
2018-04-16 11:29:00,12.9000,12.9000,12.8791,12.8791,200
2018-04-16 11:26:00,12.9000,12.9000,12.9000,12.9000,100
2018-04-16 11:25:00,12.9000,12.9000,12.9000,12.9000,300
2018-04-16 11:20:00,12.8500,12.8750,12.8500,12.8750,1000
2018-04-16 11:16:00,12.8000,12.8250,12.8000,12.8250,925
2018-04-16 11:15:00,12.8000,12.8000,12.8000,12.8000,200
2018-04-16 11:09:00,12.8500,12.8500,12.8500,12.8500,200
2018-04-16 11:04:00,12.8500,12.8500,12.8500,12.8500,200
2018-04-16 11:02:00,12.8500,12.9000,12.8500,12.8500,400
2018-04-16 11:01:00,12.8500,12.8500,12.8500,12.8500,200
2018-04-16 10:58:00,12.8500,12.8500,12.8500,12.8500,200
2018-04-16 10:55:00,12.8500,12.8500,12.8500,12.8500,200
2018-04-16 10:53:00,12.8500,12.8500,12.8500,12.8500,700
2018-04-16 10:52:00,12.8500,12.8500,12.8500,12.8500,200
2018-04-16 10:50:00,12.8500,12.8500,12.8500,12.8500,100
2018-04-16 10:47:00,12.8750,12.8750,12.8750,12.8750,200
2018-04-16 10:42:00,12.8500,12.8750,12.8500,12.8750,200
2018-04-16 10:41:00,12.8765,12.8765,12.8765,12.8765,145
2018-04-16 10:37:00,12.8500,12.8500,12.8500,12.8500,142
2018-04-16 10:34:00,12.8500,12.8500,12.8500,12.8500,100
2018-04-16 10:32:00,12.8500,12.8500,12.8500,12.8500,200
2018-04-16 10:25:00,12.9000,12.9000,12.8500,12.8500,1700
2018-04-16 10:22:00,12.8500,12.9000,12.8500,12.8500,400
2018-04-16 10:21:00,12.8500,12.8500,12.8500,12.8500,100
2018-04-16 10:20:00,12.8500,12.8500,12.8500,12.8500,100
2018-04-16 10:18:00,12.8500,12.8500,12.8500,12.8500,100
2018-04-16 10:15:00,12.8500,12.8500,12.8500,12.8500,100
2018-04-16 10:14:00,12.9000,12.9000,12.8500,12.8500,200
2018-04-16 10:13:00,12.8500,12.8500,12.8500,12.8500,100
2018-04-16 10:11:00,12.8500,12.8500,12.8500,12.8500,100
2018-04-16 10:10:00,12.8500,12.8500,12.8500,12.8500,100
2018-04-16 10:07:00,12.8000,12.8250,12.8000,12.8250,400
2018-04-16 10:06:00,12.7500,12.8000,12.7500,12.8000,369
2018-04-16 10:04:00,12.8000,12.8000,12.7500,12.7500,300
2018-04-16 10:02:00,12.7500,12.7500,12.7500,12.7500,300
2018-04-16 09:59:00,12.7500,12.7500,12.6500,12.6500,900
2018-04-16 09:58:00,12.7500,12.7500,12.7500,12.7500,300
2018-04-16 09:57:00,12.7500,12.7500,12.7500,12.7500,100
2018-04-16 09:56:00,12.7000,12.7000,12.7000,12.7000,100
2018-04-16 09:55:00,12.7500,12.7500,12.7500,12.7500,300
2018-04-16 09:54:00,12.7000,12.7000,12.7000,12.7000,100
2018-04-16 09:52:00,12.7000,12.7000,12.7000,12.7000,100
2018-04-16 09:50:00,12.7500,12.7500,12.7500,12.7500,100
2018-04-16 09:48:00,12.7500,12.7500,12.7500,12.7500,327
2018-04-16 09:46:00,12.7500,12.7500,12.7500,12.7500,100
2018-04-16 09:45:00,12.8000,12.8000,12.8000,12.8000,200
2018-04-16 09:41:00,12.8000,12.8000,12.7500,12.7500,500
2018-04-16 09:40:00,12.7500,12.8000,12.7500,12.7500,1084
2018-04-16 09:39:00,12.7000,12.7000,12.7000,12.7000,100
2018-04-16 09:37:00,12.7000,12.7000,12.7000,12.7000,100
2018-04-16 09:36:00,12.7500,12.7500,12.7000,12.7000,300
2018-04-16 09:34:00,12.6750,12.8000,12.6750,12.8000,600
2018-04-16 09:32:00,12.6249,12.6249,12.6249,12.6249,350
2018-04-16 09:31:00,12.6750,12.6750,12.6750,12.6750,300
2018-04-16 09:30:00,12.8000,12.8000,12.8000,12.8000,660
2018-04-13 16:00:00,12.8000,12.8000,12.7500,12.7500,15491
2018-04-13 15:59:00,12.7500,12.8000,12.7500,12.8000,2182
2018-04-13 15:58:00,12.7750,12.8000,12.7500,12.7500,2040
2018-04-13 15:57:00,12.7750,12.8000,12.7500,12.7500,1400
2018-04-13 15:56:00,12.8000,12.8000,12.7500,12.7500,1900
2018-04-13 15:55:00,12.8250,12.8250,12.8000,12.8000,800
2018-04-13 15:54:00,12.7750,12.8500,12.7750,12.8000,1600
2018-04-13 15:53:00,12.7750,12.8000,12.7750,12.7750,700
2018-04-13 15:52:00,12.8000,12.8000,12.7000,12.7750,1300
2018-04-13 15:51:00,12.7500,12.7500,12.7000,12.7500,1600
2018-04-13 15:50:00,12.7000,12.7250,12.7000,12.7250,1600
2018-04-13 15:49:00,12.7000,12.7250,12.7000,12.7000,2300
2018-04-13 15:48:00,12.7000,12.7250,12.7000,12.7250,200
2018-04-13 15:47:00,12.7000,12.7000,12.7000,12.7000,100
2018-04-13 15:45:00,12.7500,12.7750,12.7500,12.7500,1100
2018-04-13 15:44:00,12.7000,12.7750,12.7000,12.7750,2700
2018-04-13 15:43:00,12.7500,12.7500,12.7500,12.7500,1400
2018-04-13 15:42:00,12.7500,12.7500,12.7500,12.7500,100
2018-04-13 15:41:00,12.7500,12.7500,12.7500,12.7500,400
2018-04-13 15:39:00,12.7500,12.7750,12.7500,12.7500,600
2018-04-13 15:38:00,12.7500,12.7750,12.7500,12.7500,2253
2018-04-13 15:35:00,12.7500,12.7500,12.7500,12.7500,200
2018-04-13 15:34:00,12.7500,12.7500,12.7500,12.7500,200
2018-04-13 15:33:00,12.7500,12.7500,12.7500,12.7500,100
2018-04-13 15:32:00,12.7500,12.7750,12.7500,12.7750,200
2018-04-13 15:31:00,12.7500,12.7500,12.7500,12.7500,300
2018-04-13 15:30:00,12.7750,12.7750,12.7750,12.7750,934
2018-04-13 15:29:00,12.8000,12.8500,12.8000,12.8500,200
2018-04-13 15:27:00,12.8000,12.8000,12.8000,12.8000,200
2018-04-13 15:22:00,12.7500,12.7500,12.7500,12.7500,100
2018-04-13 15:21:00,12.7500,12.8000,12.7500,12.8000,400
2018-04-13 15:19:00,12.8000,12.8500,12.8000,12.8000,1300
2018-04-13 15:16:00,12.9000,12.9000,12.8000,12.8500,1600
2018-04-13 15:15:00,12.9000,12.9000,12.9000,12.9000,100
2018-04-13 15:14:00,12.9000,12.9000,12.9000,12.9000,500
2018-04-13 15:01:00,12.9000,12.9000,12.9000,12.9000,300
2018-04-13 14:47:00,12.9000,12.9000,12.9000,12.9000,100
2018-04-13 14:44:00,12.9000,12.9000,12.9000,12.9000,500
2018-04-13 14:41:00,12.9000,12.9000,12.9000,12.9000,2621
2018-04-13 14:38:00,12.9250,12.9500,12.9250,12.9500,500
2018-04-13 14:37:00,12.9500,12.9500,12.9500,12.9500,100
2018-04-13 14:35:00,12.9500,12.9500,12.9500,12.9500,100
2018-04-13 14:34:00,12.9200,12.9200,12.9200,12.9200,175
2018-04-13 14:33:00,12.9250,12.9250,12.9250,12.9250,100
2018-04-13 14:21:00,12.9500,12.9500,12.9250,12.9500,800
2018-04-13 14:20:00,12.9100,12.9100,12.9100,12.9100,200
2018-04-13 14:15:00,12.9500,12.9500,12.9500,12.9500,100
2018-04-13 14:12:00,12.9000,12.9000,12.9000,12.9000,293
2018-04-13 14:09:00,12.9000,12.9000,12.9000,12.9000,100
2018-04-13 14:08:00,12.9000,12.9000,12.9000,12.9000,100
2018-04-13 14:07:00,12.9000,12.9000,12.9000,12.9000,100
2018-04-13 14:06:00,12.9000,12.9000,12.9000,12.9000,500
2018-04-13 14:05:00,12.9000,12.9000,12.9000,12.9000,1100
2018-04-13 14:01:00,12.9000,12.9000,12.9000,12.9000,200
2018-04-13 13:59:00,12.9500,12.9500,12.9500,12.9500,100
2018-04-13 13:42:00,12.9211,12.9211,12.9211,12.9211,100
2018-04-13 13:38:00,12.9500,12.9500,12.9000,12.9000,500
2018-04-13 13:32:00,12.9500,12.9500,12.9500,12.9500,100
2018-04-13 13:18:00,12.9000,12.9000,12.9000,12.9000,100
2018-04-13 13:14:00,12.9000,12.9000,12.8600,12.8600,209
2018-04-13 13:01:00,12.9400,12.9400,12.9400,12.9400,110
2018-04-13 12:55:00,12.9000,12.9000,12.9000,12.9000,700
2018-04-13 12:54:00,12.9000,12.9000,12.9000,12.9000,200
2018-04-13 12:50:00,12.9500,12.9500,12.9500,12.9500,100
2018-04-13 12:49:00,12.9500,12.9500,12.9500,12.9500,400
2018-04-13 12:46:00,12.8500,12.8500,12.8500,12.8500,100
2018-04-13 12:42:00,12.9000,12.9000,12.9000,12.9000,100
2018-04-13 12:31:00,12.9500,12.9500,12.9500,12.9500,100
2018-04-13 12:10:00,12.9000,12.9000,12.9000,12.9000,700
2018-04-13 12:02:00,12.9250,12.9250,12.9250,12.9250,100
2018-04-13 12:01:00,12.9000,12.9000,12.9000,12.9000,100
2018-04-13 11:59:00,12.9250,12.9250,12.9250,12.9250,300
2018-04-13 11:58:00,12.9000,12.9000,12.9000,12.9000,400
2018-04-13 11:57:00,12.9000,12.9000,12.8750,12.8750,1863
2018-04-13 11:56:00,12.9000,12.9000,12.9000,12.9000,100
2018-04-13 11:39:00,12.9500,12.9500,12.9250,12.9250,200
2018-04-13 11:35:00,12.9250,12.9250,12.9250,12.9250,100
2018-04-13 11:32:00,12.9000,12.9500,12.9000,12.9500,900
2018-04-13 11:27:00,12.9000,12.9000,12.9000,12.9000,100
2018-04-13 11:25:00,12.8750,12.8750,12.8750,12.8750,200
2018-04-13 11:11:00,12.8500,12.8500,12.8500,12.8500,500
2018-04-13 11:09:00,12.8250,12.8500,12.8250,12.8500,200
2018-04-13 11:05:00,12.8250,12.8250,12.8250,12.8250,104
2018-04-13 10:48:00,12.8000,12.8000,12.8000,12.8000,100
2018-04-13 10:32:00,12.8000,12.8000,12.8000,12.8000,100
2018-04-13 10:28:00,12.9000,12.9000,12.9000,12.9000,1100
2018-04-13 10:06:00,13.0000,13.0000,13.0000,13.0000,100
2018-04-13 10:05:00,12.9500,12.9500,12.9500,12.9500,500
2018-04-13 10:02:00,13.0000,13.0000,12.9500,12.9500,2876
2018-04-13 10:00:00,13.0000,13.0000,13.0000,13.0000,100
2018-04-13 09:59:00,13.0500,13.0500,13.0500,13.0500,100
2018-04-13 09:58:00,13.0250,13.0250,13.0250,13.0250,100
2018-04-13 09:47:00,13.0500,13.0500,13.0500,13.0500,100
2018-04-13 09:43:00,13.0500,13.0500,13.0500,13.0500,100
2018-04-13 09:41:00,13.0500,13.0500,13.0500,13.0500,200
2018-04-13 09:40:00,13.0000,13.0500,13.0000,13.0500,1298
2018-04-13 09:33:00,12.9500,13.1000,12.9500,13.1000,2000
2018-04-13 09:30:00,13.0500,13.0500,13.0500,13.0500,921
2018-04-12 16:00:00,13.0250,13.0500,12.9500,13.0000,14098
2018-04-12 15:59:00,13.0000,13.0250,13.0000,13.0250,9130
2018-04-12 15:58:00,13.0000,13.0250,12.9750,12.9750,7650
2018-04-12 15:57:00,13.0250,13.0250,13.0000,13.0000,964
2018-04-12 15:56:00,13.0250,13.0250,13.0250,13.0250,1199
2018-04-12 15:55:00,13.0250,13.0250,13.0000,13.0000,300
2018-04-12 15:54:00,13.0000,13.0000,13.0000,13.0000,300
2018-04-12 15:53:00,13.0000,13.0250,13.0000,13.0250,200
2018-04-12 15:52:00,13.0250,13.0250,13.0000,13.0000,200
2018-04-12 15:51:00,13.0250,13.0250,13.0250,13.0250,300
2018-04-12 15:50:00,13.0000,13.0000,13.0000,13.0000,100
2018-04-12 15:49:00,13.0000,13.0000,13.0000,13.0000,975
2018-04-12 15:48:00,13.0250,13.0250,13.0250,13.0250,100
2018-04-12 15:47:00,13.0300,13.0300,13.0000,13.0000,1120
2018-04-12 15:46:00,13.0250,13.0250,13.0190,13.0190,1200
2018-04-12 15:45:00,13.0000,13.0250,13.0000,13.0250,200
2018-04-12 15:43:00,13.0000,13.0000,13.0000,13.0000,100
2018-04-12 15:42:00,13.0000,13.0000,13.0000,13.0000,200
2018-04-12 15:41:00,13.0000,13.0250,13.0000,13.0000,5086
2018-04-12 15:39:00,13.0250,13.0250,13.0250,13.0250,300
2018-04-12 15:37:00,13.0250,13.0250,13.0250,13.0250,100
2018-04-12 15:36:00,13.0250,13.0250,13.0250,13.0250,300
2018-04-12 15:34:00,13.0000,13.0250,13.0000,13.0250,200
2018-04-12 15:33:00,13.0250,13.0250,13.0250,13.0250,100
2018-04-12 15:31:00,13.0250,13.0250,13.0250,13.0250,200
2018-04-12 15:29:00,13.0250,13.0250,13.0250,13.0250,100
2018-04-12 15:26:00,13.0250,13.0250,13.0250,13.0250,100
2018-04-12 15:25:00,13.0250,13.0250,13.0250,13.0250,100
2018-04-12 15:24:00,13.0250,13.0250,13.0250,13.0250,100
2018-04-12 15:22:00,13.0250,13.0250,13.0250,13.0250,100
2018-04-12 15:21:00,13.0000,13.0000,13.0000,13.0000,100
2018-04-12 15:19:00,13.0250,13.0250,13.0250,13.0250,100
2018-04-12 15:17:00,13.0250,13.0250,13.0250,13.0250,200
2018-04-12 15:16:00,13.0500,13.0500,13.0250,13.0250,5014
2018-04-12 15:15:00,13.0250,13.0250,13.0250,13.0250,301
2018-04-12 15:12:00,13.0250,13.0250,13.0000,13.0250,300
2018-04-12 15:11:00,13.0250,13.0250,13.0250,13.0250,100
2018-04-12 15:08:00,13.0250,13.0250,13.0250,13.0250,100
2018-04-12 15:04:00,13.0250,13.0250,13.0250,13.0250,100
2018-04-12 15:02:00,13.0500,13.0500,13.0250,13.0250,200
2018-04-12 15:00:00,13.0250,13.0250,13.0250,13.0250,100
2018-04-12 14:58:00,13.0000,13.0000,13.0000,13.0000,1300
2018-04-12 14:57:00,13.0000,13.0000,13.0000,13.0000,100
2018-04-12 14:56:00,13.0000,13.0000,13.0000,13.0000,100
2018-04-12 14:48:00,13.0250,13.0250,13.0000,13.0000,500
2018-04-12 14:44:00,13.0500,13.0500,13.0500,13.0500,100
2018-04-12 14:42:00,13.0500,13.0500,13.0500,13.0500,400
2018-04-12 14:41:00,13.0500,13.0750,13.0500,13.0750,300
2018-04-12 14:36:00,13.0500,13.0500,13.0500,13.0500,1300
2018-04-12 14:35:00,13.0750,13.0750,13.0750,13.0750,100
2018-04-12 14:33:00,13.0750,13.1000,13.0750,13.0750,300
2018-04-12 14:28:00,13.0750,13.0750,13.0500,13.0500,300
2018-04-12 14:23:00,13.0750,13.0750,13.0750,13.0750,100
2018-04-12 14:22:00,13.0750,13.0750,13.0750,13.0750,100
2018-04-12 14:21:00,13.0750,13.0750,13.0750,13.0750,100
2018-04-12 14:18:00,13.0750,13.0750,13.0750,13.0750,100
2018-04-12 14:17:00,13.0750,13.0750,13.0500,13.0750,2200
2018-04-12 14:12:00,13.0750,13.0750,13.0750,13.0750,200
2018-04-12 14:07:00,13.0750,13.0750,13.0750,13.0750,100
2018-04-12 14:01:00,13.0500,13.0500,13.0500,13.0500,817
2018-04-12 13:59:00,13.0250,13.0250,13.0250,13.0250,100
2018-04-12 13:58:00,13.0500,13.0500,13.0500,13.0500,800
2018-04-12 13:56:00,13.0750,13.0750,13.0750,13.0750,100
2018-04-12 13:54:00,13.0500,13.0500,13.0500,13.0500,100
2018-04-12 13:53:00,13.0500,13.0500,13.0500,13.0500,100
2018-04-12 13:52:00,13.0750,13.0750,13.0750,13.0750,100
2018-04-12 13:50:00,13.0750,13.0750,13.0750,13.0750,100
2018-04-12 13:45:00,13.0750,13.0750,13.0750,13.0750,100
2018-04-12 13:42:00,13.0750,13.0750,13.0750,13.0750,100
2018-04-12 13:38:00,13.0750,13.0750,13.0750,13.0750,100
2018-04-12 13:34:00,13.0750,13.0750,13.0750,13.0750,800
2018-04-12 13:32:00,13.0750,13.0750,13.0750,13.0750,100
2018-04-12 13:31:00,13.0500,13.0500,13.0500,13.0500,100
2018-04-12 13:28:00,13.0750,13.0750,13.0750,13.0750,200
2018-04-12 13:27:00,13.0750,13.0750,13.0750,13.0750,100
2018-04-12 13:22:00,13.0750,13.0750,13.0750,13.0750,100
2018-04-12 13:21:00,13.0750,13.0750,13.0750,13.0750,295
2018-04-12 13:20:00,13.0750,13.0750,13.0750,13.0750,100
2018-04-12 13:16:00,13.0750,13.0750,13.0750,13.0750,191
2018-04-12 13:15:00,13.0750,13.0750,13.0750,13.0750,100
2018-04-12 13:13:00,13.0500,13.0750,13.0500,13.0750,200
2018-04-12 13:10:00,13.0750,13.0750,13.0750,13.0750,500
2018-04-12 13:08:00,13.0750,13.0750,13.0750,13.0750,100
2018-04-12 13:07:00,13.0750,13.0750,13.0750,13.0750,200
2018-04-12 13:06:00,13.0750,13.0750,13.0750,13.0750,400
2018-04-12 13:05:00,13.0750,13.0750,13.0750,13.0750,100
2018-04-12 13:04:00,13.0500,13.0500,13.0500,13.0500,9300
2018-04-12 13:01:00,13.0500,13.0500,13.0500,13.0500,100
2018-04-12 12:51:00,13.1000,13.1000,13.0500,13.0502,550
2018-04-12 12:50:00,13.1000,13.1000,13.1000,13.1000,100
2018-04-12 12:49:00,13.1000,13.1000,13.1000,13.1000,500
2018-04-12 12:48:00,13.1000,13.1000,13.0750,13.0750,700
2018-04-12 12:47:00,13.1000,13.1250,13.1000,13.1250,1220
2018-04-12 12:45:00,13.0750,13.0750,13.0750,13.0750,100
2018-04-12 12:44:00,13.0550,13.0550,13.0550,13.0550,300
2018-04-12 12:43:00,13.0750,13.0750,13.0500,13.0500,200
2018-04-12 12:42:00,13.0750,13.0750,13.0750,13.0750,100
2018-04-12 12:40:00,13.1000,13.1000,13.1000,13.1000,200
2018-04-12 12:36:00,13.1000,13.1000,13.1000,13.1000,100
2018-04-12 12:35:00,13.1000,13.1000,13.1000,13.1000,100
2018-04-12 12:33:00,13.1000,13.1000,13.1000,13.1000,100
2018-04-12 12:32:00,13.1000,13.1000,13.1000,13.1000,1200
2018-04-12 12:31:00,13.1000,13.1000,13.1000,13.1000,2197
2018-04-12 12:29:00,13.1000,13.1000,13.1000,13.1000,100
2018-04-12 12:26:00,13.1000,13.1000,13.1000,13.1000,100
2018-04-12 12:23:00,13.1000,13.1180,13.1000,13.1180,2750
2018-04-12 12:22:00,13.1000,13.1000,13.1000,13.1000,600
2018-04-12 12:21:00,13.1000,13.1000,13.1000,13.1000,200
2018-04-12 12:18:00,13.1000,13.1000,13.1000,13.1000,100
2018-04-12 12:13:00,13.1000,13.1000,13.1000,13.1000,400
2018-04-12 12:12:00,13.1250,13.1250,13.1000,13.1000,3511
2018-04-12 12:11:00,13.1000,13.1000,13.1000,13.1000,300
2018-04-12 12:10:00,13.1000,13.1250,13.1000,13.1000,400
2018-04-12 12:09:00,13.1000,13.1000,13.1000,13.1000,300
2018-04-12 12:08:00,13.1250,13.1250,13.1000,13.1000,600
2018-04-12 12:07:00,13.1000,13.1000,13.1000,13.1000,200
2018-04-12 12:06:00,13.1250,13.1250,13.1000,13.1000,200
2018-04-12 12:03:00,13.1250,13.1250,13.1250,13.1250,900
2018-04-12 12:02:00,13.1250,13.1250,13.1250,13.1250,1600
2018-04-12 12:01:00,13.1250,13.1250,13.1250,13.1250,400
2018-04-12 11:59:00,13.1000,13.1000,13.1000,13.1000,200
2018-04-12 11:56:00,13.1000,13.1500,13.0500,13.0500,10350
2018-04-12 11:55:00,13.1000,13.1000,13.1000,13.1000,10100
2018-04-12 11:54:00,13.1250,13.1500,13.1000,13.1500,5475
2018-04-12 11:50:00,13.1500,13.1500,13.1500,13.1500,378
2018-04-12 11:49:00,13.1500,13.1500,13.1500,13.1500,700
2018-04-12 11:47:00,13.2000,13.2000,13.2000,13.2000,200
2018-04-12 11:42:00,13.2250,13.2250,13.2000,13.2000,800
2018-04-12 11:39:00,13.2000,13.2000,13.2000,13.2000,100
2018-04-12 11:38:00,13.2000,13.2000,13.2000,13.2000,100
2018-04-12 11:36:00,13.2000,13.2000,13.2000,13.2000,100
2018-04-12 11:35:00,13.2500,13.2500,13.2500,13.2500,100
2018-04-12 11:34:00,13.2500,13.2750,13.2500,13.2500,900
2018-04-12 11:28:00,13.2750,13.2750,13.2750,13.2750,600
2018-04-12 11:24:00,13.3000,13.3000,13.2750,13.3000,400
2018-04-12 11:19:00,13.3000,13.3000,13.3000,13.3000,100
2018-04-12 11:17:00,13.2000,13.2500,13.2000,13.2500,1300
2018-04-12 11:15:00,13.1750,13.1750,13.1750,13.1750,100
2018-04-12 11:13:00,13.1750,13.1750,13.1750,13.1750,200
2018-04-12 11:02:00,13.1750,13.1750,13.1750,13.1750,100
2018-04-12 10:53:00,13.1750,13.1750,13.1750,13.1750,700
2018-04-12 10:52:00,13.1750,13.1750,13.1750,13.1750,400
2018-04-12 10:48:00,13.2000,13.2000,13.2000,13.2000,400
2018-04-12 10:47:00,13.2250,13.2250,13.2250,13.2250,500
2018-04-12 10:46:00,13.2250,13.2250,13.2100,13.2250,645
2018-04-12 10:44:00,13.2774,13.2774,13.2000,13.2250,2800
2018-04-12 10:39:00,13.2500,13.2500,13.2500,13.2500,100
2018-04-12 10:36:00,13.2050,13.2050,13.2050,13.2050,300
2018-04-12 10:35:00,13.2500,13.2500,13.2500,13.2500,2900
2018-04-12 10:33:00,13.2500,13.2500,13.2500,13.2500,100
2018-04-12 10:20:00,13.2500,13.2500,13.2500,13.2500,200
2018-04-12 10:19:00,13.2750,13.2750,13.2500,13.2500,400
2018-04-12 10:18:00,13.2500,13.2500,13.2500,13.2500,100
2018-04-12 10:16:00,13.2500,13.2500,13.2500,13.2500,100
2018-04-12 10:12:00,13.2000,13.2000,13.2000,13.2000,200
2018-04-12 10:11:00,13.2500,13.2500,13.2500,13.2500,500
2018-04-12 10:07:00,13.2500,13.2500,13.2500,13.2500,100
2018-04-12 10:06:00,13.2750,13.2750,13.2750,13.2750,1100
2018-04-12 10:05:00,13.3000,13.3000,13.2750,13.2750,800
2018-04-12 10:04:00,13.3250,13.3250,13.3000,13.3250,2000
2018-04-12 09:58:00,13.3000,13.3000,13.3000,13.3000,600
2018-04-12 09:49:00,13.2750,13.3000,13.2750,13.2750,400
2018-04-12 09:48:00,13.2000,13.2750,13.1500,13.2750,4954
2018-04-12 09:36:00,13.2000,13.2000,13.2000,13.2000,500
2018-04-12 09:30:00,13.2000,13.2000,13.2000,13.2000,766
2018-04-11 16:00:00,13.1000,13.1500,13.1000,13.1000,11678
2018-04-11 15:59:00,13.0500,13.0750,13.0500,13.0750,1388
2018-04-11 15:58:00,13.1000,13.1000,13.0500,13.0500,2298
2018-04-11 15:57:00,13.1000,13.1000,13.0500,13.0750,800
2018-04-11 15:55:00,13.0750,13.0750,13.0750,13.0750,300
2018-04-11 15:54:00,13.1000,13.1000,13.1000,13.1000,300
2018-04-11 15:53:00,13.0500,13.0750,13.0500,13.0500,300
2018-04-11 15:52:00,13.0750,13.0750,13.0500,13.0750,400
2018-04-11 15:51:00,13.1000,13.1000,13.1000,13.1000,3072
2018-04-11 15:50:00,13.1500,13.1500,13.1000,13.1000,400
2018-04-11 15:49:00,13.1250,13.1250,13.1250,13.1250,100
2018-04-11 15:48:00,13.1500,13.1500,13.1500,13.1500,700
2018-04-11 15:47:00,13.1283,13.1283,13.1250,13.1250,417
2018-04-11 15:46:00,13.1500,13.1500,13.1500,13.1500,100
2018-04-11 15:45:00,13.1000,13.1000,13.1000,13.1000,100
2018-04-11 15:43:00,13.1250,13.1250,13.1250,13.1250,100
2018-04-11 15:42:00,13.1500,13.1500,13.1500,13.1500,100
2018-04-11 15:41:00,13.1500,13.1500,13.1500,13.1500,100
2018-04-11 15:37:00,13.1500,13.1500,13.1500,13.1500,300
2018-04-11 15:34:00,13.1000,13.1000,13.1000,13.1000,800
2018-04-11 15:31:00,13.1000,13.1000,13.1000,13.1000,300
2018-04-11 15:28:00,13.1050,13.1050,13.0500,13.0500,4061
2018-04-11 15:27:00,13.1000,13.1250,13.1000,13.1000,1163
2018-04-11 15:26:00,13.0750,13.1000,13.0750,13.1000,500
2018-04-11 15:24:00,13.1000,13.1000,13.0500,13.0500,2300
2018-04-11 15:23:00,13.1001,13.1001,13.1001,13.1001,200
2018-04-11 15:22:00,13.1000,13.1250,13.1000,13.1250,400
2018-04-11 15:19:00,13.1500,13.1500,13.1500,13.1500,100
2018-04-11 15:17:00,13.1500,13.1500,13.1500,13.1500,100
2018-04-11 15:16:00,13.1250,13.1250,13.1250,13.1250,100
2018-04-11 15:12:00,13.1500,13.1500,13.1500,13.1500,400
2018-04-11 15:10:00,13.1000,13.1250,13.1000,13.1250,400
2018-04-11 15:06:00,13.1500,13.1500,13.1500,13.1500,880
2018-04-11 15:05:00,13.1250,13.1250,13.1250,13.1250,100
2018-04-11 15:02:00,13.1250,13.1250,13.1250,13.1250,100
2018-04-11 15:01:00,13.1000,13.1000,13.1000,13.1000,200
2018-04-11 15:00:00,13.1000,13.1000,13.1000,13.1000,200
2018-04-11 14:59:00,13.1000,13.1250,13.1000,13.1000,3700
2018-04-11 14:58:00,13.1000,13.1000,13.1000,13.1000,2100
2018-04-11 14:55:00,13.1000,13.1000,13.1000,13.1000,400
2018-04-11 14:54:00,13.0950,13.0950,13.0950,13.0950,1000
2018-04-11 14:51:00,13.1000,13.1000,13.0500,13.1000,1894
2018-04-11 14:49:00,13.1500,13.1750,13.1500,13.1500,4504
2018-04-11 14:46:00,13.1938,13.1938,13.1938,13.1938,200
2018-04-11 14:45:00,13.1550,13.2000,13.1550,13.1750,700
2018-04-11 14:44:00,13.1800,13.1800,13.1800,13.1800,355
2018-04-11 14:41:00,13.2000,13.2000,13.2000,13.2000,100
2018-04-11 14:39:00,13.2000,13.2000,13.2000,13.2000,100
2018-04-11 14:37:00,13.2000,13.2000,13.2000,13.2000,200
2018-04-11 14:35:00,13.2000,13.2000,13.2000,13.2000,100
2018-04-11 14:33:00,13.2000,13.2000,13.2000,13.2000,100
2018-04-11 14:31:00,13.2000,13.2000,13.2000,13.2000,100
2018-04-11 14:30:00,13.2000,13.2000,13.2000,13.2000,200
2018-04-11 14:28:00,13.1715,13.1715,13.1715,13.1715,378
2018-04-11 14:25:00,13.2000,13.2000,13.2000,13.2000,200
2018-04-11 14:21:00,13.1500,13.2250,13.1500,13.2000,3789
2018-04-11 14:19:00,13.1500,13.1500,13.1500,13.1500,200
2018-04-11 14:18:00,13.1500,13.1500,13.1500,13.1500,100
2018-04-11 14:16:00,13.1500,13.1500,13.1500,13.1500,100
2018-04-11 14:15:00,13.1500,13.1500,13.1500,13.1500,100
2018-04-11 14:11:00,13.1250,13.1250,13.1000,13.1000,1305
2018-04-11 14:10:00,13.1250,13.1250,13.1000,13.1250,500
2018-04-11 14:09:00,13.1000,13.1250,13.1000,13.1000,400
2018-04-11 14:08:00,13.1250,13.1250,13.1000,13.1000,200
2018-04-11 14:07:00,13.1000,13.1000,13.1000,13.1000,100
2018-04-11 14:06:00,13.1250,13.1250,13.1250,13.1250,200
2018-04-11 14:04:00,13.1000,13.1000,13.1000,13.1000,200
2018-04-11 14:02:00,13.1000,13.1000,13.1000,13.1000,100
2018-04-11 13:59:00,13.1000,13.1000,13.1000,13.1000,100
2018-04-11 13:58:00,13.1000,13.1000,13.1000,13.1000,500
2018-04-11 13:56:00,13.1000,13.1000,13.1000,13.1000,400
2018-04-11 13:54:00,13.1000,13.1000,13.1000,13.1000,100
2018-04-11 13:53:00,13.1000,13.1000,13.1000,13.1000,600
2018-04-11 13:51:00,13.1000,13.1000,13.1000,13.1000,500
2018-04-11 13:49:00,13.1000,13.1000,13.1000,13.1000,700
2018-04-11 13:47:00,13.1000,13.1000,13.1000,13.1000,300
2018-04-11 13:46:00,13.1000,13.1000,13.1000,13.1000,500
2018-04-11 13:44:00,13.1000,13.1250,13.1000,13.1000,1100
2018-04-11 13:39:00,13.1000,13.1000,13.1000,13.1000,100
2018-04-11 13:35:00,13.1000,13.1000,13.0750,13.1000,700
2018-04-11 13:34:00,13.1000,13.1000,13.1000,13.1000,100
2018-04-11 13:31:00,13.1000,13.1000,13.1000,13.1000,100
2018-04-11 13:30:00,13.1000,13.1000,13.1000,13.1000,200
2018-04-11 13:29:00,13.1250,13.1250,13.1250,13.1250,200
2018-04-11 13:28:00,13.1000,13.1250,13.1000,13.1000,1000
2018-04-11 13:24:00,13.1250,13.1500,13.1250,13.1500,200
2018-04-11 13:23:00,13.1500,13.1500,13.1500,13.1500,100
2018-04-11 13:21:00,13.1250,13.1250,13.1250,13.1250,200
2018-04-11 13:20:00,13.1000,13.1250,13.1000,13.1250,660
2018-04-11 13:17:00,13.0500,13.0500,13.0500,13.0500,100
2018-04-11 13:16:00,13.0500,13.0500,13.0500,13.0500,300
2018-04-11 13:15:00,13.0500,13.0750,13.0500,13.0500,1827
2018-04-11 13:14:00,13.0932,13.0932,13.0932,13.0932,1000
2018-04-11 13:13:00,13.1000,13.1000,13.1000,13.1000,100
2018-04-11 13:12:00,13.1000,13.1000,13.1000,13.1000,300
2018-04-11 13:03:00,13.0500,13.0500,13.0500,13.0500,100
2018-04-11 13:01:00,13.0500,13.0500,13.0500,13.0500,100
2018-04-11 12:59:00,13.0500,13.0500,13.0500,13.0500,100
2018-04-11 12:58:00,13.0500,13.0500,13.0500,13.0500,200
2018-04-11 12:57:00,13.0500,13.0500,13.0500,13.0500,400
2018-04-11 12:55:00,13.0500,13.0500,13.0500,13.0500,100
2018-04-11 12:53:00,13.0250,13.0250,13.0000,13.0250,1241
2018-04-11 12:52:00,13.0000,13.0250,13.0000,13.0250,3384
2018-04-11 12:51:00,13.0000,13.0000,13.0000,13.0000,190
2018-04-11 12:49:00,13.0000,13.0000,12.9690,13.0000,1400
2018-04-11 12:47:00,13.0000,13.0000,13.0000,13.0000,500
2018-04-11 12:44:00,13.0000,13.0000,13.0000,13.0000,307
2018-04-11 12:42:00,13.0000,13.0000,13.0000,13.0000,100
2018-04-11 12:40:00,13.0000,13.0000,13.0000,13.0000,100
2018-04-11 12:39:00,13.0000,13.0000,13.0000,13.0000,200
2018-04-11 12:36:00,13.0000,13.0000,13.0000,13.0000,600
2018-04-11 12:34:00,12.9752,13.0000,12.9752,13.0000,650
2018-04-11 12:32:00,13.0000,13.0000,13.0000,13.0000,231
2018-04-11 12:31:00,13.0000,13.0000,13.0000,13.0000,100
2018-04-11 12:14:00,12.9750,12.9750,12.9750,12.9750,100
2018-04-11 12:13:00,12.9750,12.9750,12.9500,12.9750,700
2018-04-11 12:11:00,13.0000,13.0000,13.0000,13.0000,100
2018-04-11 12:05:00,13.0000,13.0000,13.0000,13.0000,100
2018-04-11 12:04:00,13.0000,13.0000,13.0000,13.0000,600
2018-04-11 12:02:00,13.0000,13.0000,13.0000,13.0000,100
2018-04-11 11:55:00,13.0000,13.0250,12.9750,13.0000,10079
2018-04-11 11:42:00,13.0000,13.0000,13.0000,13.0000,100
2018-04-11 11:34:00,12.9500,12.9750,12.9500,12.9750,400
2018-04-11 11:31:00,12.9500,12.9750,12.9250,12.9250,1808
2018-04-11 11:28:00,12.9500,12.9500,12.9500,12.9500,100
2018-04-11 11:27:00,12.9500,12.9500,12.9500,12.9500,3090
2018-04-11 11:11:00,12.9500,12.9500,12.9500,12.9500,100
2018-04-11 11:07:00,12.9000,12.9000,12.9000,12.9000,300
2018-04-11 11:04:00,12.9000,12.9000,12.9000,12.9000,100
2018-04-11 11:00:00,12.9000,12.9000,12.9000,12.9000,4209
2018-04-11 10:54:00,12.9250,12.9250,12.9250,12.9250,200
2018-04-11 10:53:00,12.9000,12.9250,12.9000,12.9250,300
2018-04-11 10:38:00,12.9250,12.9250,12.9250,12.9250,100
2018-04-11 10:34:00,12.9500,12.9500,12.9500,12.9500,100
2018-04-11 10:25:00,12.9500,12.9500,12.9500,12.9500,394
2018-04-11 10:24:00,12.9500,12.9500,12.9500,12.9500,100
2018-04-11 10:16:00,12.9500,12.9500,12.9500,12.9500,100
2018-04-11 10:00:00,12.9500,12.9500,12.9500,12.9500,300
2018-04-11 09:59:00,12.9500,12.9500,12.9500,12.9500,500
2018-04-11 09:55:00,12.9500,12.9500,12.9500,12.9500,200
2018-04-11 09:54:00,12.9500,12.9500,12.9500,12.9500,100
2018-04-11 09:52:00,12.9500,12.9500,12.9500,12.9500,400
2018-04-11 09:50:00,12.9175,12.9175,12.9175,12.9175,500
2018-04-11 09:48:00,12.9500,12.9500,12.9500,12.9500,100
2018-04-11 09:46:00,12.9500,12.9500,12.9500,12.9500,1699
2018-04-11 09:43:00,12.9000,12.9000,12.9000,12.9000,1580
2018-04-11 09:42:00,12.8500,12.8750,12.8500,12.8750,1000
2018-04-11 09:38:00,12.8750,12.8750,12.8500,12.8500,200
2018-04-11 09:36:00,12.8500,12.8500,12.8500,12.8500,100
2018-04-11 09:30:00,12.8500,12.8500,12.8500,12.8500,1238
2018-04-10 16:00:00,12.9000,12.9000,12.8000,12.8500,14932
2018-04-10 15:59:00,12.8750,12.9000,12.8500,12.8750,2686
2018-04-10 15:58:00,12.9000,12.9000,12.8500,12.8750,1800
2018-04-10 15:57:00,12.8750,12.9000,12.8500,12.8750,1200
2018-04-10 15:56:00,12.8500,12.9000,12.8500,12.9000,1236
2018-04-10 15:55:00,12.9000,12.9000,12.9000,12.9000,200
2018-04-10 15:54:00,12.9000,12.9000,12.8750,12.8750,300
2018-04-10 15:53:00,12.9000,12.9000,12.8500,12.9000,600
2018-04-10 15:52:00,12.8500,12.8750,12.8500,12.8750,500
2018-04-10 15:50:00,12.9000,12.9000,12.9000,12.9000,200
2018-04-10 15:48:00,12.8750,12.8750,12.8750,12.8750,100
2018-04-10 15:47:00,12.8000,12.8500,12.8000,12.8500,2933
2018-04-10 15:46:00,12.8500,12.8500,12.8500,12.8500,100
2018-04-10 15:44:00,12.8500,12.8500,12.8500,12.8500,100
2018-04-10 15:43:00,12.9500,12.9500,12.8500,12.8500,6647
2018-04-10 15:42:00,12.9000,12.9000,12.9000,12.9000,1538
2018-04-10 15:40:00,12.8750,12.8750,12.8500,12.8750,300
2018-04-10 15:38:00,12.8700,12.8750,12.8700,12.8750,600
2018-04-10 15:37:00,12.8500,12.8500,12.8500,12.8500,460
2018-04-10 15:35:00,12.8500,12.8500,12.8500,12.8500,200
2018-04-10 15:34:00,12.8750,12.8750,12.8750,12.8750,200
2018-04-10 15:30:00,12.8500,12.8500,12.8500,12.8500,1679
2018-04-10 15:29:00,12.8000,12.8000,12.8000,12.8000,300
2018-04-10 15:28:00,12.8500,12.8500,12.8500,12.8500,1600
2018-04-10 15:27:00,12.8750,12.8750,12.8500,12.8500,200
2018-04-10 15:26:00,12.8500,12.8750,12.8500,12.8500,1100
2018-04-10 15:24:00,12.8750,12.9000,12.8750,12.9000,200
2018-04-10 15:23:00,12.8500,12.9000,12.8500,12.9000,700
2018-04-10 15:21:00,12.8750,12.8750,12.8750,12.8750,100
2018-04-10 15:19:00,12.8500,12.8500,12.8500,12.8500,2100
2018-04-10 15:18:00,12.8500,12.8500,12.8500,12.8500,100
2018-04-10 15:14:00,12.8250,12.8250,12.8000,12.8000,600
2018-04-10 15:13:00,12.8000,12.8000,12.8000,12.8000,100
2018-04-10 15:12:00,12.8250,12.8250,12.8250,12.8250,100
2018-04-10 15:11:00,12.8250,12.8250,12.8250,12.8250,100
2018-04-10 15:08:00,12.8000,12.8000,12.8000,12.8000,500
2018-04-10 15:05:00,12.8500,12.8500,12.8500,12.8500,1000
2018-04-10 15:04:00,12.8750,12.8750,12.8750,12.8750,100
2018-04-10 15:03:00,12.8500,12.9000,12.8500,12.9000,5520
2018-04-10 15:02:00,12.9000,12.9000,12.9000,12.9000,100
2018-04-10 15:00:00,12.9000,12.9000,12.9000,12.9000,100
2018-04-10 14:53:00,12.9000,12.9250,12.9000,12.9000,5346
2018-04-10 14:52:00,12.9000,12.9000,12.9000,12.9000,100
2018-04-10 14:50:00,12.9000,12.9000,12.9000,12.9000,200
2018-04-10 14:49:00,12.9000,12.9000,12.9000,12.9000,100
2018-04-10 14:47:00,12.9000,12.9000,12.9000,12.9000,100
2018-04-10 14:46:00,12.8500,12.9000,12.8500,12.9000,3200
2018-04-10 14:41:00,12.8250,12.8250,12.8250,12.8250,100
2018-04-10 14:39:00,12.8250,12.8500,12.8250,12.8500,200
2018-04-10 14:38:00,12.8000,12.8500,12.8000,12.8500,1073
2018-04-10 14:37:00,12.8250,12.8250,12.8250,12.8250,200
2018-04-10 14:30:00,12.8250,12.8250,12.8250,12.8250,100
2018-04-10 14:26:00,12.8500,12.8500,12.8500,12.8500,200
2018-04-10 14:23:00,12.8500,12.8500,12.8500,12.8500,300
2018-04-10 14:20:00,12.8500,12.8500,12.8500,12.8500,200
2018-04-10 14:11:00,12.8250,12.8250,12.8250,12.8250,100
2018-04-10 14:08:00,12.8500,12.8500,12.8500,12.8500,100
2018-04-10 14:07:00,12.8000,12.8000,12.8000,12.8000,1000
2018-04-10 14:03:00,12.8000,12.8000,12.7500,12.7500,200
2018-04-10 13:45:00,12.8000,12.8000,12.8000,12.8000,100
2018-04-10 13:40:00,12.8000,12.8000,12.7500,12.7500,400
2018-04-10 13:39:00,12.8000,12.8000,12.8000,12.8000,1206
2018-04-10 13:38:00,12.8000,12.8000,12.8000,12.8000,200
2018-04-10 13:37:00,12.8000,12.8000,12.8000,12.8000,200
2018-04-10 13:36:00,12.8000,12.8250,12.8000,12.8250,1309
2018-04-10 13:35:00,12.8500,12.8500,12.8500,12.8500,300
2018-04-10 13:34:00,12.8000,12.8000,12.8000,12.8000,1200
2018-04-10 13:32:00,12.8000,12.8000,12.8000,12.8000,100
2018-04-10 13:30:00,12.8000,12.8000,12.8000,12.8000,100
2018-04-10 13:16:00,12.7500,12.7500,12.7000,12.7000,700
2018-04-10 13:15:00,12.7500,12.7500,12.7500,12.7500,200
2018-04-10 13:14:00,12.7750,12.7750,12.7750,12.7750,100
2018-04-10 13:12:00,12.7500,12.7750,12.7500,12.7750,300
2018-04-10 13:09:00,12.7500,12.7500,12.7500,12.7500,200
2018-04-10 13:04:00,12.7500,12.7500,12.7500,12.7500,3600
2018-04-10 13:03:00,12.7750,12.7750,12.7750,12.7750,100
2018-04-10 13:02:00,12.7500,12.8000,12.7500,12.7750,300
2018-04-10 12:52:00,12.7500,12.7500,12.7500,12.7500,100
2018-04-10 12:51:00,12.7500,12.7500,12.7500,12.7500,100
2018-04-10 12:50:00,12.7000,12.7500,12.7000,12.7500,1200
2018-04-10 12:36:00,12.7000,12.7000,12.7000,12.7000,100
2018-04-10 12:34:00,12.6750,12.6750,12.6750,12.6750,100
2018-04-10 12:33:00,12.6500,12.6500,12.6500,12.6500,100
2018-04-10 12:26:00,12.6500,12.6500,12.6000,12.6000,200
2018-04-10 12:25:00,12.6500,12.6500,12.6500,12.6500,300
2018-04-10 12:24:00,12.6500,12.6500,12.6500,12.6500,300
2018-04-10 12:23:00,12.7000,12.7250,12.7000,12.7000,1500
2018-04-10 12:20:00,12.6500,12.6500,12.6500,12.6500,1100
2018-04-10 12:13:00,12.6250,12.6250,12.6250,12.6250,100
2018-04-10 12:12:00,12.6500,12.6500,12.6000,12.6000,1100
2018-04-10 12:11:00,12.6500,12.6500,12.6500,12.6500,400
2018-04-10 12:10:00,12.6500,12.6750,12.6500,12.6500,500
2018-04-10 12:09:00,12.6500,12.6500,12.6500,12.6500,300
2018-04-10 12:08:00,12.6500,12.6500,12.6500,12.6500,1000
2018-04-10 12:05:00,12.6500,12.6500,12.6500,12.6500,700
2018-04-10 12:04:00,12.6250,12.6250,12.6250,12.6250,100
2018-04-10 11:59:00,12.6500,12.6500,12.6500,12.6500,100
2018-04-10 11:55:00,12.6000,12.6500,12.6000,12.6500,1100
2018-04-10 11:53:00,12.5750,12.5750,12.5750,12.5750,100
2018-04-10 11:46:00,12.5500,12.5500,12.5500,12.5500,300
2018-04-10 11:45:00,12.5750,12.5750,12.5750,12.5750,300
2018-04-10 11:44:00,12.6000,12.6000,12.6000,12.6000,1932
2018-04-10 11:43:00,12.6250,12.6250,12.6250,12.6250,200
2018-04-10 11:41:00,12.6500,12.6500,12.6250,12.6250,500
2018-04-10 11:37:00,12.6250,12.6250,12.6250,12.6250,100
2018-04-10 11:32:00,12.6250,12.6250,12.6250,12.6250,100
2018-04-10 11:28:00,12.6250,12.6250,12.6250,12.6250,100
2018-04-10 11:26:00,12.6250,12.6250,12.6250,12.6250,300
2018-04-10 11:25:00,12.6000,12.6000,12.6000,12.6000,200
2018-04-10 11:23:00,12.6250,12.6250,12.6250,12.6250,100
2018-04-10 11:21:00,12.6250,12.6250,12.6250,12.6250,100
2018-04-10 11:18:00,12.6250,12.6250,12.6250,12.6250,100
2018-04-10 11:15:00,12.6250,12.6250,12.6250,12.6250,100
2018-04-10 11:14:00,12.6250,12.6250,12.6250,12.6250,100
2018-04-10 11:12:00,12.6250,12.6250,12.6250,12.6250,100
2018-04-10 11:05:00,12.6500,12.6500,12.6500,12.6500,2200
2018-04-10 11:03:00,12.7000,12.7000,12.7000,12.7000,100
2018-04-10 11:02:00,12.6500,12.6750,12.6500,12.6750,400
2018-04-10 11:00:00,12.6500,12.6500,12.6500,12.6500,100
2018-04-10 10:58:00,12.6250,12.6250,12.6250,12.6250,100
2018-04-10 10:54:00,12.6500,12.6500,12.6000,12.6000,600
2018-04-10 10:53:00,12.6250,12.6250,12.6250,12.6250,200
2018-04-10 10:51:00,12.6250,12.6250,12.6250,12.6250,600
2018-04-10 10:48:00,12.6250,12.6250,12.6250,12.6250,100
2018-04-10 10:43:00,12.6000,12.6000,12.6000,12.6000,100
2018-04-10 10:42:00,12.6000,12.6000,12.5750,12.5750,1500
2018-04-10 10:41:00,12.5750,12.5750,12.5750,12.5750,600
2018-04-10 10:38:00,12.6000,12.6000,12.5750,12.5750,200
2018-04-10 10:36:00,12.5500,12.5500,12.5500,12.5500,100
2018-04-10 10:34:00,12.5500,12.5500,12.5500,12.5500,200
2018-04-10 10:30:00,12.5750,12.5750,12.5250,12.5250,2276
2018-04-10 10:28:00,12.5750,12.5750,12.5750,12.5750,100
2018-04-10 10:25:00,12.5500,12.6000,12.5500,12.5750,400
2018-04-10 10:24:00,12.5500,12.5750,12.5500,12.5500,1400
2018-04-10 10:21:00,12.5250,12.5250,12.5250,12.5250,100
2018-04-10 10:18:00,12.5250,12.5250,12.5250,12.5250,100
2018-04-10 10:12:00,12.5250,12.5250,12.5250,12.5250,100
2018-04-10 10:11:00,12.5250,12.5250,12.5250,12.5250,200
2018-04-10 10:10:00,12.5500,12.5500,12.5500,12.5500,200
2018-04-10 10:08:00,12.5250,12.5250,12.5250,12.5250,100
2018-04-10 10:04:00,12.5250,12.5250,12.5250,12.5250,100
2018-04-10 10:02:00,12.5250,12.5250,12.5250,12.5250,100
2018-04-10 10:01:00,12.5500,12.5500,12.5500,12.5500,100
2018-04-10 10:00:00,12.5250,12.5250,12.5250,12.5250,100
2018-04-10 09:58:00,12.5500,12.5500,12.5250,12.5250,300
2018-04-10 09:57:00,12.5500,12.5500,12.5250,12.5250,500
2018-04-10 09:52:00,12.5000,12.5000,12.4750,12.5000,2700
2018-04-10 09:48:00,12.4750,12.4750,12.4750,12.4750,100
2018-04-10 09:46:00,12.4500,12.4500,12.4500,12.4500,100
2018-04-10 09:44:00,12.4750,12.4750,12.4750,12.4750,100
2018-04-10 09:43:00,12.5000,12.5000,12.5000,12.5000,100
2018-04-10 09:39:00,12.4500,12.4752,12.4500,12.4750,962
2018-04-10 09:37:00,12.4250,12.4250,12.4250,12.4250,1000
2018-04-10 09:34:00,12.4250,12.4250,12.4250,12.4250,100
2018-04-10 09:33:00,12.4500,12.4500,12.4500,12.4500,500
2018-04-10 09:32:00,12.4000,12.4500,12.4000,12.4500,1600
2018-04-10 09:31:00,12.4000,12.4000,12.4000,12.4000,200
2018-04-10 09:30:00,12.4500,12.4500,12.4500,12.4500,1187
2018-04-09 16:00:00,12.3000,12.3500,12.3000,12.3000,29500
2018-04-09 15:59:00,12.3250,12.3500,12.2750,12.3000,10179
2018-04-09 15:58:00,12.3500,12.3500,12.3000,12.3000,6095
2018-04-09 15:57:00,12.3750,12.4000,12.3500,12.4000,700
2018-04-09 15:56:00,12.3500,12.3750,12.3500,12.3500,400
2018-04-09 15:55:00,12.3000,12.4000,12.3000,12.3750,4200
2018-04-09 15:54:00,12.3250,12.3250,12.3000,12.3250,700
2018-04-09 15:53:00,12.3000,12.3250,12.3000,12.3000,1100
2018-04-09 15:52:00,12.3000,12.3250,12.3000,12.3000,700
2018-04-09 15:51:00,12.3500,12.3500,12.3000,12.3000,1800
2018-04-09 15:50:00,12.3750,12.3750,12.3500,12.3500,3700
2018-04-09 15:49:00,12.3500,12.4000,12.3500,12.3500,630
2018-04-09 15:48:00,12.3750,12.3750,12.3750,12.3750,400
2018-04-09 15:47:00,12.3250,12.4000,12.3000,12.3750,4320
2018-04-09 15:46:00,12.3000,12.3250,12.3000,12.3250,1300
2018-04-09 15:45:00,12.3250,12.3250,12.3250,12.3250,700
2018-04-09 15:44:00,12.3250,12.3250,12.3000,12.3250,400
2018-04-09 15:43:00,12.3250,12.3250,12.3000,12.3250,400
2018-04-09 15:42:00,12.3250,12.3500,12.3000,12.3500,400
2018-04-09 15:41:00,12.3250,12.3250,12.3000,12.3000,200
2018-04-09 15:40:00,12.3250,12.3250,12.3000,12.3000,300
2018-04-09 15:39:00,12.3250,12.3500,12.3000,12.3250,900
2018-04-09 15:38:00,12.3250,12.3250,12.3250,12.3250,400
2018-04-09 15:37:00,12.3250,12.3500,12.3250,12.3250,3100
2018-04-09 15:36:00,12.3500,12.3500,12.3500,12.3500,1300
2018-04-09 15:35:00,12.3500,12.3500,12.3500,12.3500,100
2018-04-09 15:34:00,12.3500,12.3750,12.3500,12.3750,200
2018-04-09 15:33:00,12.3500,12.3500,12.3500,12.3500,100
2018-04-09 15:32:00,12.3750,12.4000,12.3500,12.3500,400
2018-04-09 15:31:00,12.3500,12.3500,12.3500,12.3500,100
2018-04-09 15:30:00,12.3750,12.3750,12.3500,12.3500,200
2018-04-09 15:29:00,12.3500,12.3500,12.3500,12.3500,100
2018-04-09 15:28:00,12.3750,12.3750,12.3500,12.3500,200
2018-04-09 15:27:00,12.3500,12.3500,12.3500,12.3500,300
2018-04-09 15:25:00,12.3500,12.3500,12.3000,12.3500,2500
2018-04-09 15:23:00,12.3500,12.3500,12.3250,12.3500,2971
2018-04-09 15:21:00,12.3750,12.3750,12.3500,12.3500,200
2018-04-09 15:20:00,12.3500,12.3500,12.3500,12.3500,100
2018-04-09 15:19:00,12.3500,12.3500,12.3500,12.3500,100
2018-04-09 15:18:00,12.3500,12.3500,12.3500,12.3500,100
2018-04-09 15:17:00,12.3500,12.3750,12.3500,12.3500,1900
2018-04-09 15:16:00,12.4000,12.4000,12.3500,12.3500,1700
2018-04-09 15:15:00,12.4000,12.4000,12.4000,12.4000,100
2018-04-09 15:14:00,12.4000,12.4000,12.4000,12.4000,100
2018-04-09 15:13:00,12.4000,12.4000,12.4000,12.4000,100
2018-04-09 15:12:00,12.4000,12.4250,12.3750,12.4000,3145
2018-04-09 15:11:00,12.4250,12.4250,12.4000,12.4000,2500
2018-04-09 15:10:00,12.4000,12.4000,12.4000,12.4000,100
2018-04-09 15:09:00,12.4000,12.4000,12.4000,12.4000,200
2018-04-09 15:06:00,12.4000,12.4000,12.4000,12.4000,200
2018-04-09 15:05:00,12.4250,12.4250,12.4250,12.4250,1000
2018-04-09 15:04:00,12.4500,12.4500,12.4250,12.4250,3700
2018-04-09 15:03:00,12.4500,12.5000,12.4500,12.4750,400
2018-04-09 15:01:00,12.4500,12.4500,12.4500,12.4500,200
2018-04-09 15:00:00,12.4750,12.4750,12.4750,12.4750,100
2018-04-09 14:59:00,12.4750,12.4750,12.4750,12.4750,100
2018-04-09 14:58:00,12.4500,12.4500,12.4500,12.4500,200
2018-04-09 14:57:00,12.4766,12.4766,12.4766,12.4766,157
2018-04-09 14:56:00,12.4500,12.4750,12.4500,12.4750,300
2018-04-09 14:55:00,12.4750,12.4750,12.4750,12.4750,100
2018-04-09 14:54:00,12.5000,12.5000,12.5000,12.5000,100
2018-04-09 14:53:00,12.4500,12.4500,12.4500,12.4500,400
2018-04-09 14:52:00,12.4750,12.4750,12.4750,12.4750,200
2018-04-09 14:51:00,12.4750,12.4750,12.4750,12.4750,300
2018-04-09 14:50:00,12.4750,12.4750,12.4500,12.4500,300
2018-04-09 14:49:00,12.5000,12.5000,12.5000,12.5000,100
2018-04-09 14:48:00,12.5000,12.5000,12.5000,12.5000,200
2018-04-09 14:47:00,12.4500,12.4500,12.4500,12.4500,200
2018-04-09 14:46:00,12.4500,12.4500,12.4500,12.4500,1200
2018-04-09 14:44:00,12.4250,12.4250,12.4250,12.4250,300
2018-04-09 14:42:00,12.4500,12.4500,12.4000,12.4000,8344
2018-04-09 14:41:00,12.4750,12.4750,12.4750,12.4750,200
2018-04-09 14:38:00,12.4750,12.4750,12.4500,12.4500,300
2018-04-09 14:28:00,12.4500,12.4500,12.4500,12.4500,100
2018-04-09 14:23:00,12.4500,12.4500,12.4500,12.4500,200
2018-04-09 14:07:00,12.5250,12.5250,12.5000,12.5000,1300
2018-04-09 14:06:00,12.5500,12.5500,12.5500,12.5500,100
2018-04-09 14:02:00,12.5500,12.5500,12.5500,12.5500,100
2018-04-09 13:57:00,12.5500,12.5500,12.5500,12.5500,100
2018-04-09 13:49:00,12.5231,12.6000,12.5231,12.5500,1100
2018-04-09 13:45:00,12.5250,12.5250,12.5250,12.5250,200
2018-04-09 13:44:00,12.5500,12.5500,12.5250,12.5250,200
2018-04-09 13:42:00,12.5500,12.5500,12.5500,12.5500,100
2018-04-09 13:41:00,12.5500,12.5500,12.5500,12.5500,100
2018-04-09 13:40:00,12.5500,12.5500,12.5500,12.5500,400
2018-04-09 13:38:00,12.5500,12.5500,12.5500,12.5500,100
2018-04-09 13:36:00,12.6000,12.6000,12.6000,12.6000,100
2018-04-09 13:34:00,12.5500,12.5500,12.5500,12.5500,200
2018-04-09 13:32:00,12.5500,12.5500,12.5500,12.5500,200
2018-04-09 13:31:00,12.5500,12.6000,12.5500,12.5500,4000
2018-04-09 13:29:00,12.5500,12.5500,12.5500,12.5500,200
2018-04-09 13:25:00,12.5000,12.5250,12.5000,12.5250,1900
2018-04-09 13:24:00,12.5000,12.5250,12.5000,12.5250,3400
2018-04-09 13:20:00,12.5000,12.5000,12.4500,12.4500,3216
2018-04-09 13:15:00,12.5250,12.5250,12.5250,12.5250,100
2018-04-09 13:14:00,12.5500,12.5500,12.5500,12.5500,600
2018-04-09 13:13:00,12.5500,12.5500,12.5500,12.5500,100
2018-04-09 13:09:00,12.5750,12.5750,12.5750,12.5750,100
2018-04-09 13:03:00,12.5750,12.5750,12.5750,12.5750,100
2018-04-09 12:57:00,12.5750,12.5750,12.5750,12.5750,100
2018-04-09 12:51:00,12.5750,12.5750,12.5750,12.5750,100
2018-04-09 12:47:00,12.5750,12.5750,12.5750,12.5750,100
2018-04-09 12:45:00,12.5750,12.5750,12.5750,12.5750,100
2018-04-09 12:44:00,12.5750,12.5750,12.5750,12.5750,100
2018-04-09 12:41:00,12.6000,12.6000,12.6000,12.6000,100
2018-04-09 12:38:00,12.5500,12.5500,12.5250,12.5500,1759
2018-04-09 12:37:00,12.5000,12.5000,12.5000,12.5000,100
2018-04-09 12:34:00,12.5500,12.5500,12.5250,12.5500,4164
2018-04-09 12:33:00,12.5750,12.5750,12.5750,12.5750,100
2018-04-09 12:28:00,12.5750,12.5750,12.5750,12.5750,100
2018-04-09 12:27:00,12.5500,12.5750,12.5500,12.5750,1200
2018-04-09 12:22:00,12.6000,12.6000,12.6000,12.6000,700
2018-04-09 12:20:00,12.7000,12.7000,12.6500,12.6500,1000
2018-04-09 12:15:00,12.6750,12.6750,12.6750,12.6750,100
2018-04-09 12:11:00,12.6500,12.6750,12.6500,12.6750,200
2018-04-09 12:10:00,12.6750,12.6750,12.6750,12.6750,100
2018-04-09 12:07:00,12.7000,12.7000,12.6750,12.6750,1700
2018-04-09 12:05:00,12.6750,12.6750,12.6750,12.6750,300
2018-04-09 12:04:00,12.6750,12.6750,12.6750,12.6750,100
2018-04-09 12:01:00,12.6750,12.6750,12.6500,12.6500,900
2018-04-09 11:56:00,12.7000,12.7000,12.7000,12.7000,1338
2018-04-09 11:52:00,12.7250,12.7250,12.7250,12.7250,100
2018-04-09 11:51:00,12.7250,12.7500,12.7000,12.7000,300
2018-04-09 11:46:00,12.7250,12.7250,12.7250,12.7250,100
2018-04-09 11:45:00,12.7000,12.7000,12.7000,12.7000,100
2018-04-09 11:40:00,12.7250,12.7250,12.7250,12.7250,100
2018-04-09 11:36:00,12.7250,12.7250,12.7250,12.7250,100
2018-04-09 11:35:00,12.7250,12.7250,12.7250,12.7250,100
2018-04-09 11:32:00,12.7000,12.7000,12.7000,12.7000,100
2018-04-09 11:31:00,12.7300,12.7300,12.7300,12.7300,523
2018-04-09 11:29:00,12.7500,12.7500,12.7500,12.7500,1100
2018-04-09 11:25:00,12.7750,12.7750,12.7750,12.7750,100
2018-04-09 11:20:00,12.7750,12.7750,12.7750,12.7750,100
2018-04-09 11:19:00,12.7500,12.7500,12.7500,12.7500,100
2018-04-09 11:18:00,12.7750,12.7750,12.7750,12.7750,100
2018-04-09 11:17:00,12.8000,12.8000,12.7750,12.7750,2100
2018-04-09 11:16:00,12.7750,12.7750,12.7750,12.7750,100
2018-04-09 11:14:00,12.7750,12.7750,12.7750,12.7750,100
2018-04-09 11:13:00,12.7750,12.7750,12.7750,12.7750,200
2018-04-09 11:10:00,12.7750,12.7750,12.7750,12.7750,100
2018-04-09 11:07:00,12.7750,12.7750,12.7750,12.7750,100
2018-04-09 11:06:00,12.7750,12.7750,12.7750,12.7750,100
2018-04-09 11:04:00,12.7750,12.7750,12.7750,12.7750,200
2018-04-09 11:03:00,12.7750,12.7750,12.7750,12.7750,100
2018-04-09 11:01:00,12.7750,12.7750,12.7750,12.7750,1100
2018-04-09 10:45:00,12.8000,12.8500,12.8000,12.8500,2100
2018-04-09 10:36:00,12.7800,12.7800,12.7800,12.7800,400
2018-04-09 10:33:00,12.7500,12.7500,12.7500,12.7500,2700
2018-04-09 10:30:00,12.7250,12.7250,12.7250,12.7250,100
2018-04-09 10:29:00,12.7000,12.7000,12.7000,12.7000,100
2018-04-09 10:23:00,12.7000,12.7000,12.7000,12.7000,600
2018-04-09 10:21:00,12.7000,12.7000,12.7000,12.7000,100
2018-04-09 10:20:00,12.7500,12.7750,12.7500,12.7750,2850
2018-04-09 10:19:00,12.7500,12.7500,12.7500,12.7500,300
2018-04-09 10:17:00,12.7500,12.7500,12.7500,12.7500,100
2018-04-09 10:11:00,12.7500,12.7500,12.7500,12.7500,100
2018-04-09 10:10:00,12.8250,12.8250,12.8000,12.8000,2201
2018-04-09 10:03:00,12.8250,12.8250,12.8250,12.8250,100
2018-04-09 09:58:00,12.8500,12.8500,12.8500,12.8500,5100
2018-04-09 09:51:00,12.8000,12.8000,12.8000,12.8000,1681
2018-04-09 09:48:00,12.7500,12.7500,12.7500,12.7500,100
2018-04-09 09:47:00,12.7500,12.7500,12.7500,12.7500,100
2018-04-09 09:42:00,12.7500,12.7500,12.7500,12.7500,300
2018-04-09 09:39:00,12.7500,12.7500,12.7500,12.7500,600
2018-04-09 09:38:00,12.7750,12.7750,12.7750,12.7750,100
2018-04-09 09:37:00,12.7500,12.7500,12.7500,12.7500,100
2018-04-09 09:36:00,12.8000,12.8000,12.7500,12.7500,400
2018-04-09 09:34:00,12.8000,12.8500,12.8000,12.8500,2394
2018-04-09 09:33:00,12.8000,12.8000,12.8000,12.8000,300
2018-04-09 09:32:00,12.7600,12.7600,12.7600,12.7600,1150
2018-04-09 09:31:00,12.7500,12.7500,12.7500,12.7500,100
2018-04-09 09:30:00,12.7500,12.7500,12.7500,12.7500,1220
